# ID,Prediction,OTHER,SP(Sec/SPI),LIPO(Sec/SPII),TAT(Tat/SPI),TATLIPO(Tat/SPII),PILIN(Sec/SPIII),CS Position,CS_Prob
"SFA40581.1 Aryl-phospho-beta-D-glucosidase BglC, GH1 family [Parageobacillus thermantarcticus]",OTHER,1.0,0.0,0.0,0.0,0.0,0.0,,
SFA47371.1 hypothetical protein SAMN05192569_101449 [Parageobacillus thermantarcticus],OTHER,1.0,0.0,0.0,0.0,0.0,0.0,,
ADM27073.1 Cellulase [Ignisphaera aggregans DSM 17230],OTHER,1.0,0.0,0.0,0.0,0.0,0.0,,
ADM27292.1 glycoside hydrolase family 12 [Ignisphaera aggregans DSM 17230],OTHER,0.847971,0.151907,6.4e-05,4.9e-05,3.7e-05,3.7e-05,,
ADM27405.1 Cellulase [Ignisphaera aggregans DSM 17230],OTHER,1.0,0.0,0.0,0.0,0.0,0.0,,
ADM27471.1 glycoside hydrolase family 12 [Ignisphaera aggregans DSM 17230],OTHER,0.994993,0.004997,3e-06,2e-06,2e-06,2e-06,,
ADM27702.1 glycoside hydrolase family 12 [Ignisphaera aggregans DSM 17230],OTHER,0.844409,0.155405,6.9e-05,5.6e-05,4.4e-05,4e-05,,
ADM28608.1 glycoside hydrolase family 12 [Ignisphaera aggregans DSM 17230],OTHER,0.99999,0.0,0.0,0.0,0.0,0.0,,
ACY46934.1 glycoside hydrolase family 5 [Rhodothermus marinus DSM 4252],SP,0.000101,0.832865,0.166762,0.000102,8e-05,7.7e-05,CS pos: 17-18. Pr: 0.8184,0.8184
ACY46985.1 glycoside hydrolase family 9 [Rhodothermus marinus DSM 4252],SP,0.000221,0.999109,0.000183,0.000182,0.00015,0.00015,CS pos: 18-19. Pr: 0.9766,0.9766
ACY47427.1 glycoside hydrolase family 9 [Rhodothermus marinus DSM 4252],OTHER,0.685154,0.149853,0.164941,2.6e-05,2.1e-05,1.9e-05,,
ACY48513.1 glycoside hydrolase family 12 [Rhodothermus marinus DSM 4252],LIPO,0.0,0.0,0.999999,0.0,0.0,0.0,CS pos: 17-18. Pr: 0.9968,0.9968
AZF75130.1 cellulase [Saccharolobus solfataricus],OTHER,0.833052,0.166887,3.2e-05,2.4e-05,2.3e-05,2.2e-05,,
AZF77166.1 endoglucanase [Saccharolobus solfataricus],OTHER,0.937801,0.062164,2.5e-05,2.2e-05,1.6e-05,1.6e-05,,
OVE83593.1 hypothetical protein B2G88_14255 [Natronolimnobius baerhuensis],TAT,0.0,0.0,0.0,0.999902,0.000109,0.0,CS pos: 51-52. Pr: 0.7584,0.7584
OVE83623.1 hypothetical protein B2G88_14420 [Natronolimnobius baerhuensis],TAT,0.0,0.0,0.0,0.93438,0.06562,0.0,CS pos: 58-59. Pr: 0.8663,0.8663
OVE83624.1 hypothetical protein B2G88_14425 [Natronolimnobius baerhuensis],TAT,0.0,0.0,0.0,0.833344,0.166664,0.0,CS pos: 64-65. Pr: 0.5450,0.545
OVE83627.1 hypothetical protein B2G88_14440 [Natronolimnobius baerhuensis],SP,0.000209,0.999109,0.000174,0.00019,0.000156,0.000152,CS pos: 25-26. Pr: 0.5202,0.5202
OVE86287.1 hypothetical protein B2G88_05765 [Natronolimnobius baerhuensis],SP,0.16687,0.832478,0.000213,0.000172,0.000148,0.000138,CS pos: 20-21. Pr: 0.7912,0.7912
OVE86289.1 hypothetical protein B2G88_05780 [Natronolimnobius baerhuensis],TAT,0.0,0.0,0.0,0.833351,0.166672,0.0,CS pos: 62-63. Pr: 0.4524,0.4524
SHK56826.1 beta-glucosidase family 9 [Rhodothermus profundi],SP,0.167016,0.832078,0.000337,0.000205,0.000195,0.000175,CS pos: 18-19. Pr: 0.7817,0.7817
GAA4133577.1 cellulose binding domain-containing protein [Actinomadura keratinilytica],SP,0.00019,0.999152,0.000161,0.000189,0.000142,0.000153,CS pos: 24-25. Pr: 0.9751,0.9751
"GAA4135145.1 cellulose 1,4-beta-cellobiosidase [Actinomadura keratinilytica]",SP,0.001105,0.996872,0.000516,0.000724,0.000432,0.000363,CS pos: 33-34. Pr: 0.9335,0.9335
GAA4135160.1 glycoside hydrolase family 48 protein [Actinomadura keratinilytica],SP,0.001043,0.997107,0.000513,0.000598,0.000403,0.000339,CS pos: 37-38. Pr: 0.9688,0.9688
GAA4141977.1 glycoside hydrolase family 6 protein [Actinomadura keratinilytica],SP,0.000234,0.998959,0.000198,0.000234,0.00019,0.000178,CS pos: 27-28. Pr: 0.9795,0.9795
GAA4148641.1 hypothetical protein GCM10022416_43110 [Actinomadura keratinilytica],SP,0.000189,0.99919,0.000161,0.000183,0.000143,0.00014,CS pos: 32-33. Pr: 0.9743,0.9743
GAA4151262.1 cellulase family glycosylhydrolase [Actinomadura keratinilytica],SP,0.000185,0.999214,0.000156,0.00018,0.000134,0.000138,CS pos: 31-32. Pr: 0.9701,0.9701
GAA4152253.1 hypothetical protein GCM10022416_50300 [Actinomadura keratinilytica],SP,0.167414,0.49812,0.333695,0.000324,0.000262,0.000205,CS pos: 40-41. Pr: 0.2544,0.2544
GAA4153374.1 glycoside hydrolase family 6 protein [Actinomadura keratinilytica],SP,0.00229,0.996236,0.000435,0.000396,0.000331,0.000306,CS pos: 35-36. Pr: 0.5409,0.5409
ADA67369.1 glycoside hydrolase family 12 [Thermotoga petrophila RKU-10],SP,0.000194,0.999211,0.000165,0.000176,0.000134,0.000134,CS pos: 27-28. Pr: 0.7569,0.7569
ADA67370.1 glycoside hydrolase family 12 [Thermotoga petrophila RKU-10],OTHER,0.999983,0.0,0.0,0.0,0.0,0.0,,
TCL61791.1 aryl-phospho-beta-D-glucosidase BglC (GH1 family) [Hydrogenispora ethanolica],OTHER,0.999991,0.0,0.0,0.0,0.0,0.0,,
"ADX84426.1 cellulase (endo 1,4 beta glucanase), putative (CelB) [Sulfolobus islandicus REY15A]",OTHER,0.575505,0.423257,0.000562,0.000263,0.000254,0.00023,,
ADX84872.1 endoglucanase precursor [Sulfolobus islandicus REY15A],OTHER,0.711179,0.288535,0.0001,8.3e-05,7.1e-05,6.7e-05,,
PNS01449.1 endoglucanase [Petrotoga miotherma DSM 10691],SP,0.000178,0.999242,0.000158,0.000154,0.000131,0.000129,CS pos: 21-22. Pr: 0.9777,0.9777
MBB6512495.1 endoglucanase [Gracilibacillus halotolerans],SP,0.00018,0.999203,0.000167,0.000173,0.000142,0.000136,CS pos: 27-28. Pr: 0.9765,0.9765
MBB3059801.1 cellulase/cellobiase CelA1 [Microbulbifer rhizosphaerae],SP,0.000163,0.999313,0.000134,0.000152,0.000122,0.000122,CS pos: 20-21. Pr: 0.9803,0.9803
MBB3060016.1 hypothetical protein FHS09_000829 [Microbulbifer rhizosphaerae],LIPO,0.0,0.0,1.0,0.0,0.0,0.0,CS pos: 20-21. Pr: 0.9947,0.9947
MBB3060017.1 hypothetical protein FHS09_000830 [Microbulbifer rhizosphaerae],OTHER,0.999652,0.000358,1e-06,1e-06,1e-06,0.0,,
MBB3061762.1 endoglucanase [Microbulbifer rhizosphaerae],SP,0.000162,0.999319,0.00014,0.000152,0.000121,0.000121,CS pos: 20-21. Pr: 0.5721,0.5721
MBB3061773.1 hypothetical protein FHS09_002613 [Microbulbifer rhizosphaerae],SP,0.000222,0.999044,0.000192,0.000204,0.000169,0.000164,CS pos: 32-33. Pr: 0.9749,0.9749
MBB3061774.1 aryl-phospho-beta-D-glucosidase BglC (GH1 family) [Microbulbifer rhizosphaerae],SP,0.00017,0.999222,0.000148,0.000174,0.000137,0.00014,CS pos: 21-22. Pr: 0.9797,0.9797
MBB3061775.1 hypothetical protein FHS09_002615 [Microbulbifer rhizosphaerae],SP,0.000228,0.99899,0.000188,0.000224,0.000175,0.000191,CS pos: 22-23. Pr: 0.9736,0.9736
"MBB3061779.1 mannan endo-1,4-beta-mannosidase [Microbulbifer rhizosphaerae]",SP,0.000232,0.999037,0.000192,0.000209,0.000168,0.000176,CS pos: 22-23. Pr: 0.9762,0.9762
"MBB3061780.1 cellulose 1,4-beta-cellobiosidase [Microbulbifer rhizosphaerae]",SP,0.00059,0.998399,0.000304,0.000288,0.000217,0.000208,CS pos: 23-24. Pr: 0.9757,0.9757
MBB3061785.1 hypothetical protein FHS09_002625 [Microbulbifer rhizosphaerae],OTHER,0.999799,0.000227,0.0,0.0,0.0,0.0,,
MBB3061788.1 aryl-phospho-beta-D-glucosidase BglC (GH1 family) [Microbulbifer rhizosphaerae],SP,0.000713,0.831396,0.167127,0.000316,0.000239,0.000221,CS pos: 23-24. Pr: 0.8121,0.8121
MBB3061789.1 endoglucanase [Microbulbifer rhizosphaerae],OTHER,0.999975,0.0,0.0,0.0,0.0,0.0,,
MBB3061791.1 endoglucanase [Microbulbifer rhizosphaerae],SP,0.000289,0.998928,0.00024,0.000219,0.000161,0.000169,CS pos: 22-23. Pr: 0.9680,0.968
MBB3062392.1 endoglucanase [Microbulbifer rhizosphaerae],OTHER,1.0,0.0,0.0,0.0,0.0,0.0,,
MBB3062478.1 aryl-phospho-beta-D-glucosidase BglC (GH1 family) [Microbulbifer rhizosphaerae],SP,0.000187,0.999177,0.000179,0.000175,0.000146,0.000143,CS pos: 19-20. Pr: 0.9793,0.9793
MBB3062737.1 hypothetical protein FHS09_003586 [Microbulbifer rhizosphaerae],OTHER,1.0,0.0,0.0,0.0,0.0,0.0,,
MBB0229008.1 cellobiohydrolase [Streptomyces calidiresistens],SP,0.000387,0.998304,0.000333,0.000383,0.000316,0.000281,CS pos: 46-47. Pr: 0.9443,0.9443
MBB0230075.1 glycoside hydrolase [Streptomyces calidiresistens],SP,0.00036,0.827629,0.000284,0.167144,0.004336,0.000238,CS pos: 51-52. Pr: 0.7393,0.7393
MBB0230235.1 endoglucanase [Streptomyces calidiresistens],SP,0.000162,0.524348,0.000134,0.333459,0.141792,0.000105,CS pos: 52-53. Pr: 0.4945,0.4945
MBB0230236.1 glycosyl hydrolase family 6 [Streptomyces calidiresistens],SP,0.001069,0.829315,0.000721,0.167712,0.000695,0.00049,CS pos: 41-42. Pr: 0.7952,0.7952
MBB0230886.1 glycosyl hydrolase family 5 [Streptomyces calidiresistens],SP,0.00021,0.999142,0.000169,0.000186,0.000142,0.00015,CS pos: 20-21. Pr: 0.9761,0.9761
MBB0232052.1 hypothetical protein FOE67_21780 [Streptomyces calidiresistens],SP,0.00033,0.998545,0.000286,0.000325,0.00028,0.000251,CS pos: 37-38. Pr: 0.9605,0.9605
MBB0232309.1 cellulase family glycosylhydrolase [Streptomyces calidiresistens],SP,0.000225,0.999074,0.00019,0.000203,0.000162,0.000157,CS pos: 30-31. Pr: 0.9748,0.9748
MBB0232344.1 endoglucanase [Streptomyces calidiresistens],LIPO,0.263243,0.002061,0.734696,0.0,0.0,0.0,CS pos: 4-5. Pr: 0.4322,0.4322
"MBB0232729.1 cellulase family glycosylhydrolase, partial [Streptomyces calidiresistens]",SP,0.000194,0.99916,0.000162,0.000187,0.000147,0.000144,CS pos: 31-32. Pr: 0.9742,0.9742
ABK51910.1 Cellulase [Acidothermus cellulolyticus 11B],SP,0.000245,0.998886,0.00021,0.000243,0.000192,0.000196,CS pos: 29-30. Pr: 0.8837,0.8837
"ABK52387.1 glycoside hydrolase, family 5 [Acidothermus cellulolyticus 11B]",SP,0.000248,0.998912,0.000216,0.000246,0.000198,0.000186,CS pos: 41-42. Pr: 0.9496,0.9496
"ABK52390.1 cellulose 1,4-beta-cellobiosidase [Acidothermus cellulolyticus 11B]",SP,0.000359,0.998604,0.000267,0.000329,0.000246,0.000211,CS pos: 34-35. Pr: 0.9691,0.9691
"ABK52743.1 glycoside hydrolase, family 9 [Acidothermus cellulolyticus 11B]",OTHER,0.999992,0.0,0.0,0.0,0.0,0.0,,
ABK53473.1 processive endocellulase [Acidothermus cellulolyticus 11B],SP,0.000365,0.998342,0.000302,0.000391,0.000316,0.000272,CS pos: 37-38. Pr: 0.9579,0.9579
ABN51284.1 glycoside hydrolase family 9 [Acetivibrio thermocellus ATCC 27405],SP,0.000193,0.999202,0.000164,0.000178,0.000143,0.000139,CS pos: 38-39. Pr: 0.9703,0.9703
ABN51513.1 glycoside hydrolase family 9 [Acetivibrio thermocellus ATCC 27405],SP,0.000156,0.999332,0.000134,0.000149,0.000118,0.000117,CS pos: 26-27. Pr: 0.9814,0.9814
ABN51671.1 glycoside hydrolase family 9 [Acetivibrio thermocellus ATCC 27405],SP,0.000211,0.999133,0.000172,0.000184,0.000145,0.000143,CS pos: 35-36. Pr: 0.9696,0.9696
ABN51859.1 glycoside hydrolase family 9 [Acetivibrio thermocellus ATCC 27405],SP,0.000197,0.99921,0.000167,0.00017,0.000136,0.000134,CS pos: 27-28. Pr: 0.9716,0.9716
ABN52032.1 glycoside hydrolase family 5 [Acetivibrio thermocellus ATCC 27405],SP,0.000224,0.999062,0.000244,0.000197,0.000157,0.000154,CS pos: 26-27. Pr: 0.6409,0.6409
ABN52700.1 glycoside hydrolase family 5 [Acetivibrio thermocellus ATCC 27405],OTHER,0.999981,0.0,0.0,0.0,0.0,0.0,,
ABN53350.1 glycoside hydrolase family 5 [Acetivibrio thermocellus ATCC 27405],SP,0.000148,0.666801,0.332762,0.000116,9.3e-05,8.8e-05,CS pos: 32-33. Pr: 0.6484,0.6484
ABN53395.1 Carbohydrate binding family 6 [Acetivibrio thermocellus ATCC 27405],SP,0.000197,0.999169,0.000166,0.000183,0.000149,0.000142,CS pos: 36-37. Pr: 0.9611,0.9611
ABN53562.1 glycoside hydrolase family 9 [Acetivibrio thermocellus ATCC 27405],OTHER,0.500178,0.499419,0.00014,9.9e-05,9.4e-05,8e-05,,
ABN53960.1 glycoside hydrolase family 9 [Acetivibrio thermocellus ATCC 27405],SP,0.000179,0.999204,0.000164,0.000172,0.000139,0.000139,CS pos: 24-25. Pr: 0.9752,0.9752
ABN54006.1 glycoside hydrolase family 5 [Acetivibrio thermocellus ATCC 27405],OTHER,1.0,0.0,0.0,0.0,0.0,0.0,,
AVX21090.1 hypothetical protein CFE_1920 [Carboxydocella thermautotrophica],OTHER,1.0,0.0,0.0,0.0,0.0,0.0,,
QGR21384.1 hypothetical protein D1866_04810 [Acidianus ambivalens],OTHER,1.0,0.0,0.0,0.0,0.0,0.0,,
"AEB95090.1 cellulase (endo 1,4 beta glucanase), putative (celB) [Metallosphaera cuprina Ar-4]",OTHER,0.833379,0.166508,5.2e-05,3.6e-05,3.3e-05,3.6e-05,,
"ACL10732.1 arabinogalactan endo-1,4-beta-galactosidase, putative [Desulfurococcus amylolyticus 1221n]",SP,0.391641,0.607737,0.00019,0.000188,0.000146,0.000141,CS pos: 28-29. Pr: 0.3171,0.3171
QCI29200.1 glycoside hydrolase family 5 protein [Caminibacter pacificus],LIPO,5.3e-05,0.333242,0.666634,2.2e-05,2.1e-05,2e-05,CS pos: 29-30. Pr: 0.6586,0.6586
ACU53036.1 glycoside hydrolase family 5 [Acidimicrobium ferrooxidans DSM 10331],OTHER,1.0,2e-06,0.0,0.0,0.0,0.0,,
ACU54908.1 cellulose-binding family II [Acidimicrobium ferrooxidans DSM 10331],SP,0.00024,0.998925,0.000211,0.000229,0.00018,0.000192,CS pos: 28-29. Pr: 0.8853,0.8853
ACP49447.1 endoglucanase precursor [Sulfolobus islandicus Y.N.15.51],OTHER,0.937801,0.062164,2.5e-05,2.2e-05,1.6e-05,1.6e-05,,
"ACP49627.1 cellulase (endo 1,4 beta glucanase), putative (CelB) [Sulfolobus islandicus Y.N.15.51]",OTHER,0.574892,0.423843,0.000559,0.000261,0.000254,0.00023,,
AAM23368.1 conserved hypothetical protein [Caldanaerobacter subterraneus subsp. tengcongensis MB4],OTHER,1.0,0.0,0.0,0.0,0.0,0.0,,
GAP06885.1 endoglucanase [Anaerolinea thermolimosa],LIPO,0.0,0.0,1.0,0.0,0.0,0.0,CS pos: 21-22. Pr: 0.9973,0.9973
GAP06900.1 endoglucanase [Anaerolinea thermolimosa],OTHER,0.99999,0.0,0.0,0.0,0.0,0.0,,
GAP08045.1 glycosyl hydrolase family 9 [Anaerolinea thermolimosa],OTHER,1.0,0.0,0.0,0.0,0.0,0.0,,
GAP08306.1 endoglucanase [Anaerolinea thermolimosa],OTHER,0.999995,0.0,0.0,0.0,0.0,0.0,,
ULR48137.1 cellulase family glycosylhydrolase [Streptomyces deccanensis],OTHER,1.0,0.0,0.0,0.0,0.0,0.0,,
ULR48153.1 glycoside hydrolase family 5 protein [Streptomyces deccanensis],SP,0.000167,0.999334,0.000135,0.000153,0.000117,0.000115,CS pos: 25-26. Pr: 0.9782,0.9782
ULR48157.1 glycoside hydrolase family 5 protein [Streptomyces deccanensis],SP,0.000273,0.998752,0.000242,0.000281,0.000234,0.000209,CS pos: 32-33. Pr: 0.9718,0.9718
ULR50909.1 glycoside hydrolase family 6 protein [Streptomyces deccanensis],LIPO,1e-06,3e-06,1.0,0.0,0.0,0.0,CS pos: 24-25. Pr: 0.9947,0.9947
ULR51437.1 cellulase family glycosylhydrolase [Streptomyces deccanensis],SP,0.000318,0.998652,0.000252,0.000311,0.000234,0.000226,CS pos: 29-30. Pr: 0.9594,0.9594
ULR53679.1 hypothetical protein L3078_32810 [Streptomyces deccanensis],SP,0.000343,0.998366,0.000294,0.000409,0.00033,0.000267,CS pos: 39-40. Pr: 0.9557,0.9557
"ULR53688.1 endo-1,4-beta-glucanase [Streptomyces deccanensis]",SP,0.000271,0.998758,0.000232,0.000298,0.000229,0.000225,CS pos: 33-34. Pr: 0.9572,0.9572
ULR54592.1 cellulose binding domain-containing protein [Streptomyces deccanensis],SP,0.000756,0.997615,0.000441,0.000539,0.000373,0.000306,CS pos: 37-38. Pr: 0.9644,0.9644
ULR54593.1 glycoside hydrolase family 6 protein [Streptomyces deccanensis],SP,0.000764,0.997872,0.000387,0.000404,0.000303,0.00028,CS pos: 24-25. Pr: 0.9809,0.9809
ULR55187.1 glycoside hydrolase family 9 protein [Streptomyces deccanensis],SP,0.000196,0.999155,0.000169,0.000187,0.000141,0.000148,CS pos: 29-30. Pr: 0.9738,0.9738
ULR55429.1 cellulose binding domain-containing protein [Streptomyces deccanensis],SP,0.00023,0.998977,0.000194,0.000244,0.000184,0.000178,CS pos: 37-38. Pr: 0.9654,0.9654
ULR55853.1 cellulase family glycosylhydrolase [Streptomyces deccanensis],SP,0.000212,0.999102,0.000185,0.000198,0.000151,0.000158,CS pos: 23-24. Pr: 0.3557,0.3557
ULR55875.1 cellulase family glycosylhydrolase [Streptomyces deccanensis],SP,0.000179,0.99921,0.00016,0.000172,0.000137,0.000135,CS pos: 17-18. Pr: 0.9768,0.9768
ULR55883.1 glycoside hydrolase family 6 protein [Streptomyces deccanensis],OTHER,0.667097,0.332586,0.000108,9e-05,7.1e-05,6.4e-05,,
"ACM23282.1 Endo-1,4-beta-glucanase A [Thermotoga neapolitana DSM 4359]",OTHER,1.0,0.0,0.0,0.0,0.0,0.0,,
"ACM23283.1 Endo-1,4-beta-glucanase B [Thermotoga neapolitana DSM 4359]",SP,0.000205,0.999172,0.000178,0.000174,0.000142,0.000139,CS pos: 17-18. Pr: 0.9822,0.9822
SUA85007.1 glycoside hydrolase family protein [Paenibacillus macerans],SP,0.000251,0.832326,0.166891,0.000217,0.00016,0.00017,CS pos: 25-26. Pr: 0.7691,0.7691
"SUA85008.1 putative cellulose 1,4-beta-cellobiosidase [Paenibacillus macerans]",SP,0.000692,0.997602,0.000552,0.000447,0.000358,0.000331,CS pos: 37-38. Pr: 0.6055,0.6055
SUA85241.1 glycoside hydrolase [Paenibacillus macerans],OTHER,1.0,0.0,0.0,0.0,0.0,0.0,,
"SUA85372.1 endo-1,4-beta-glucanase [Paenibacillus macerans]",SP,0.000201,0.999145,0.000173,0.000193,0.000148,0.000148,CS pos: 33-34. Pr: 0.9734,0.9734
SUA85373.1 glycoside hydrolase family protein [Paenibacillus macerans],SP,0.000357,0.911488,0.087317,0.000356,0.000261,0.00021,CS pos: 40-41. Pr: 0.9134,0.9134
SUA85374.1 exoglucanase a [Paenibacillus macerans],SP,0.000234,0.999083,0.000193,0.000212,0.000162,0.000153,CS pos: 33-34. Pr: 0.9752,0.9752
"SUA85391.1 endo-1,4-beta-glucanase [Paenibacillus macerans]",SP,0.000233,0.999073,0.000201,0.000195,0.000152,0.000151,CS pos: 29-30. Pr: 0.9635,0.9635
SUD25377.1 exoglucanase A [Paenibacillus macerans],SP,0.00022,0.999104,0.000194,0.000194,0.000153,0.000149,CS pos: 31-32. Pr: 0.9696,0.9696
MUM65651.1 hypothetical protein D1867_10445 [Acidianus infernus],OTHER,0.999996,3e-06,0.0,0.0,0.0,0.0,,
BAS27961.1 glycoside hydrolase family 5 [Limnochorda pilosa],OTHER,1.0,0.0,0.0,0.0,0.0,0.0,,
ABL79076.1 endoglucanase; Glycosyl Hydrolase family 12 [Thermofilum pendens Hrk 5],OTHER,1.0,3e-06,0.0,0.0,0.0,0.0,,
ACZ43095.1 glycoside hydrolase family 5 [Thermobaculum terrenum ATCC BAA-798],OTHER,0.999993,0.0,0.0,0.0,0.0,0.0,,
ADI14563.1 glycoside hydrolase family 5 [Truepera radiovictrix DSM 17093],OTHER,1.0,0.0,0.0,0.0,0.0,0.0,,
QKR00833.1 hypothetical protein GWK48_10965 [Metallosphaera tengchongensis],OTHER,0.999734,0.000309,0.0,0.0,0.0,0.0,,
SHK79668.1 hypothetical protein SAMN05444342_2208 [Haladaptatus paucihalophilus DX253],OTHER,1.0,0.0,0.0,0.0,0.0,0.0,,
QLH81620.1 cellulase family glycosylhydrolase [Halosimplex pelagicum],TAT,0.0,0.0,0.0,0.835702,0.164302,0.0,CS pos: 54-55. Pr: 0.7548,0.7548
QLH81622.1 hypothetical protein HZS54_08280 [Halosimplex pelagicum],TAT,0.0,0.0,0.0,0.98783,0.012166,1.2e-05,CS pos: 68-69. Pr: 0.7725,0.7725
QLH81623.1 fibronectin type III domain-containing protein [Halosimplex pelagicum],TAT,0.0,0.0,0.0,0.833314,0.166717,0.0,CS pos: 57-58. Pr: 0.7359,0.7359
QLH81625.1 cellulase family glycosylhydrolase [Halosimplex pelagicum],TAT,0.0,0.0,0.0,0.833421,0.166588,0.0,CS pos: 69-70. Pr: 0.4416,0.4416
QLH81627.1 cellulase family glycosylhydrolase [Halosimplex pelagicum],OTHER,0.998143,0.0,0.0,0.001871,0.0,0.0,,
QLH81664.1 cellulase family glycosylhydrolase [Halosimplex pelagicum],TAT,0.0,0.0,0.0,0.844891,0.155129,0.0,CS pos: 49-50. Pr: 0.8028,0.8028
QLH83678.1 glycoside hydrolase family 9 protein [Halosimplex pelagicum],OTHER,1.0,0.0,0.0,0.0,0.0,0.0,,
QLH84787.1 cellulase family glycosylhydrolase [Halosimplex pelagicum],OTHER,1.0,0.0,0.0,0.0,0.0,0.0,,
QLH84945.1 cellulase family glycosylhydrolase [Halosimplex pelagicum],OTHER,1.0,0.0,0.0,0.0,0.0,0.0,,
AFH49737.1 Glycoside hydrolase family 9 protein [Ignavibacterium album JCM 16511],LIPO,0.0,0.0,1.0,0.0,0.0,0.0,CS pos: 18-19. Pr: 0.9978,0.9978
AFH50281.1 Endoglucanase [Ignavibacterium album JCM 16511],SP,0.000205,0.999176,0.000179,0.000179,0.000136,0.00014,CS pos: 30-31. Pr: 0.9742,0.9742
AFH50296.1 Endoglucanase [Ignavibacterium album JCM 16511],SP,0.000195,0.999192,0.000177,0.000167,0.000138,0.000138,CS pos: 25-26. Pr: 0.9753,0.9753
AFH50299.1 Cellodextrinase [Ignavibacterium album JCM 16511],SP,0.00023,0.999093,0.000203,0.000183,0.000148,0.000149,CS pos: 21-22. Pr: 0.9729,0.9729
GGP19934.1 hypothetical protein GCM10007981_05620 [Thermocladium modestius],OTHER,1.0,0.0,0.0,0.0,0.0,0.0,,
REF37227.1 aryl-phospho-beta-D-glucosidase BglC (GH1 family) [Thermasporomyces composti],TAT,0.0,0.0,0.0,0.999981,0.0,0.0,CS pos: 30-31. Pr: 0.8967,0.8967
REF37563.1 endoglucanase [Thermasporomyces composti],OTHER,0.99999,8e-06,0.0,0.0,0.0,0.0,,
REF37706.1 endoglucanase [Thermasporomyces composti],SP,0.000215,0.999048,0.000187,0.000207,0.000165,0.000158,CS pos: 25-26. Pr: 0.9780,0.978
GEM90599.1 hypothetical protein ODE01S_20330 [Oceanithermus desulfurans NBRC 100063],OTHER,1.0,0.0,0.0,0.0,0.0,0.0,,
RQG86682.1 glycoside hydrolase [Natrarchaeobius halalkaliphilus],OTHER,0.99999,0.0,0.0,0.0,0.0,0.0,,
ADB61387.1 Carbohydrate-binding family 9 [Haloterrigena turkmenica DSM 5511],LIPO,0.167095,0.165315,0.666923,0.000175,0.000353,0.000127,CS pos: 6-7. Pr: 0.6411,0.6411
ADB63457.1 glycoside hydrolase family 5 (plasmid) [Haloterrigena turkmenica DSM 5511],TAT,0.0,0.0,0.0,1.0,0.0,0.0,CS pos: 31-32. Pr: 0.4781,0.4781
SHK04945.1 endoglucanase [Pseudonocardia thermophila],SP,0.000301,0.998773,0.000262,0.000261,0.000201,0.000205,CS pos: 34-35. Pr: 0.8894,0.8894
SHK63702.1 Glycosyl hydrolase family 12 [Pseudonocardia thermophila],SP,0.00018,0.99922,0.000155,0.000171,0.000132,0.000139,CS pos: 25-26. Pr: 0.9746,0.9746
SHL22321.1 endoglucanase [Pseudonocardia thermophila],LIPO,1e-06,7.3e-05,0.999978,0.0,0.0,0.0,CS pos: 26-27. Pr: 0.9950,0.995
SHL22330.1 endoglucanase [Pseudonocardia thermophila],OTHER,0.999977,0.0,0.0,0.0,0.0,0.0,,
SHL45255.1 Glycosyl hydrolase family 12 [Pseudonocardia thermophila],SP,0.000186,0.99919,0.000162,0.000178,0.000136,0.000136,CS pos: 27-28. Pr: 0.9717,0.9717
"ACP34505.1 cellulase (endo 1,4 beta glucanase), putative (CelB) [Sulfolobus islandicus L.S.2.15]",OTHER,0.573898,0.424855,0.000551,0.00026,0.000252,0.000229,,
ACP34754.1 endoglucanase precursor [Sulfolobus islandicus L.S.2.15],OTHER,0.937801,0.062164,2.5e-05,2.2e-05,1.6e-05,1.6e-05,,
BBG25044.1 hypothetical protein IC006_2379 [Sulfuracidifex tepidarius],OTHER,0.752256,0.247443,9.4e-05,0.000103,8.2e-05,6.9e-05,,
AGA56765.1 glycosyl hydrolase family 9 [Thermobacillus composti KWC4],LIPO,0.0,0.0,1.0,0.0,0.0,0.0,CS pos: 23-24. Pr: 0.9961,0.9961
MDR6224959.1 endoglucanase [Desmospora profundinema],SP,0.00038,0.998581,0.000374,0.000263,0.000204,0.000208,CS pos: 37-38. Pr: 0.9646,0.9646
ACM59384.1 glycoside hydrolase family 5 [Caldicellulosiruptor bescii DSM 6725],OTHER,1.0,0.0,0.0,0.0,0.0,0.0,,
ACM59720.1 Cellulase [Caldicellulosiruptor bescii DSM 6725],SP,0.005812,0.993267,0.000277,0.000256,0.000211,0.0002,CS pos: 29-30. Pr: 0.9136,0.9136
AEE95680.1 glycoside hydrolase family 5 [Mahella australiensis 50-1 BON],LIPO,0.0,0.0,1.0,0.0,0.0,0.0,CS pos: 19-20. Pr: 0.9974,0.9974
AEE96268.1 glycoside hydrolase family 5 [Mahella australiensis 50-1 BON],OTHER,1.0,0.0,0.0,0.0,0.0,0.0,,
AEE96307.1 glycoside hydrolase family 9 [Mahella australiensis 50-1 BON],SP,0.000237,0.998997,0.000226,0.000212,0.000168,0.000168,CS pos: 33-34. Pr: 0.9650,0.965
AEE96308.1 glycoside hydrolase family 48 [Mahella australiensis 50-1 BON],SP,0.0002,0.832454,0.166855,0.000184,0.000153,0.000154,CS pos: 32-33. Pr: 0.8023,0.8023
AEE96309.1 glycoside hydrolase family 5 [Mahella australiensis 50-1 BON],SP,0.00023,0.998629,0.000612,0.000206,0.000173,0.000167,CS pos: 32-33. Pr: 0.8049,0.8049
AEE96310.1 Cellulase [Mahella australiensis 50-1 BON],SP,0.000352,0.998664,0.00038,0.000251,0.000192,0.000189,CS pos: 32-33. Pr: 0.9605,0.9605
AEE96311.1 glycoside hydrolase family 5 [Mahella australiensis 50-1 BON],SP,0.00021,0.999181,0.000166,0.000175,0.000138,0.000137,CS pos: 32-33. Pr: 0.9735,0.9735
AEE96313.1 glycoside hydrolase family 5 [Mahella australiensis 50-1 BON],SP,0.000244,0.832326,0.166875,0.000215,0.000171,0.000173,CS pos: 32-33. Pr: 0.7801,0.7801
AEE96314.1 glycoside hydrolase family 9 [Mahella australiensis 50-1 BON],SP,0.000263,0.999053,0.000198,0.000196,0.000152,0.000149,CS pos: 32-33. Pr: 0.9628,0.9628
AEE97278.1 glycoside hydrolase family 5 [Mahella australiensis 50-1 BON],OTHER,1.0,0.0,0.0,0.0,0.0,0.0,,
CAG5076630.1 endoglucanase D [Thermobacillus xylanilyticus],LIPO,0.0,0.0,1.0,0.0,0.0,0.0,CS pos: 23-24. Pr: 0.9961,0.9961
"CAG5089501.1 Glycoside hydrolase, family 5 [Thermobacillus xylanilyticus]",OTHER,1.0,0.0,0.0,0.0,0.0,0.0,,
TNY36470.1 glycoside hydrolase [Thermomonospora catenispora],SP,0.000244,0.99898,0.0002,0.000231,0.000175,0.000174,CS pos: 31-32. Pr: 0.9735,0.9735
TNY38019.1 glycoside hydrolase family 5 protein [Thermomonospora catenispora],OTHER,1.0,0.0,0.0,0.0,0.0,0.0,,
WWQ60903.1 endoglucanase [Sulfolobus tengchongensis],OTHER,0.502065,0.497023,0.000247,0.000319,0.000211,0.000181,,
WWQ60989.1 cellulase [Sulfolobus tengchongensis],OTHER,0.567052,0.431837,0.000469,0.000226,0.000235,0.00021,,
OXB91748.1 hypothetical protein B9L23_10475 [Parageobacillus galactosidasius],OTHER,1.0,0.0,0.0,0.0,0.0,0.0,,
GLG00475.1 endoglucanase [Alicyclobacillus hesperidum subsp. aegles],OTHER,1.0,0.0,0.0,0.0,0.0,0.0,,
GLG01768.1 hypothetical protein Alches_18080 [Alicyclobacillus hesperidum subsp. aegles],OTHER,1.0,0.0,0.0,0.0,0.0,0.0,,
GLG01769.1 hypothetical protein Alches_18090 [Alicyclobacillus hesperidum subsp. aegles],OTHER,1.0,0.0,0.0,0.0,0.0,0.0,,
QSB47792.1 thioredoxin domain-containing protein [Parageobacillus toebii],OTHER,1.0,0.0,0.0,0.0,0.0,0.0,,
ACV10489.1 glycoside hydrolase family 5 [Halorhabdus utahensis DSM 12940],TAT,0.0,0.0,0.0,0.833762,0.166257,0.0,CS pos: 58-59. Pr: 0.7575,0.7575
ACV12554.1 Fibronectin type III domain protein [Halorhabdus utahensis DSM 12940],TAT,0.0,0.0,0.0,0.887505,0.112501,0.0,CS pos: 51-52. Pr: 0.8589,0.8589
ACV12555.1 hypothetical protein Huta_2389 [Halorhabdus utahensis DSM 12940],TAT,0.0,0.0,0.0,0.831931,0.168089,0.0,CS pos: 62-63. Pr: 0.7539,0.7539
ACV12559.1 PKD domain containing protein [Halorhabdus utahensis DSM 12940],TAT,0.0,0.0,0.0,0.833343,0.166666,0.0,CS pos: 63-64. Pr: 0.7528,0.7528
ACV12560.1 Fibronectin type III domain protein [Halorhabdus utahensis DSM 12940],TAT,0.0,0.0,0.0,0.833792,0.166219,0.0,CS pos: 63-64. Pr: 0.7694,0.7694
ACV12561.1 glycoside hydrolase family 5 [Halorhabdus utahensis DSM 12940],TAT,0.0,1e-06,0.0,0.887016,0.113018,0.0,CS pos: 59-60. Pr: 0.8437,0.8437
ACV12564.1 Carbohydrate binding family 6 [Halorhabdus utahensis DSM 12940],TAT,0.0,1e-06,0.0,0.853811,0.1462,0.0,CS pos: 59-60. Pr: 0.7780,0.778
ACV12565.1 glycoside hydrolase family 9 [Halorhabdus utahensis DSM 12940],TAT,0.0,0.0,0.0,0.991383,0.008616,0.0,CS pos: 55-56. Pr: 0.8925,0.8925
SDR01458.1 hypothetical protein SAMN05216278_3263 [Halopelagius longus],TAT,0.0,0.0,0.0,0.853525,0.146489,0.0,CS pos: 53-54. Pr: 0.6494,0.6494
ACX72533.1 hypothetical protein Metvu_0674 [Methanocaldococcus vulcanius M7],OTHER,0.724188,0.275513,0.000101,7.4e-05,8.5e-05,6.4e-05,,
QPV61503.1 glycoside hydrolase family 9 protein [Halosimplex litoreum],TATLIPO,0.0,0.0,0.0,0.0,1.0,0.0,CS pos: 27-28. Pr: 0.8547,0.8547
QPV61938.1 cellulase family glycosylhydrolase [Halosimplex litoreum],OTHER,0.999994,0.0,0.0,0.0,0.0,0.0,,
QPV62787.1 glycoside hydrolase family 9 protein [Halosimplex litoreum],OTHER,1.0,0.0,0.0,0.0,0.0,0.0,,
QPV64249.1 cellulase family glycosylhydrolase [Halosimplex litoreum],TAT,0.166675,0.0,0.0,0.676157,0.157175,0.0,CS pos: 69-70. Pr: 0.2926,0.2926
QPV64251.1 cellulase family glycosylhydrolase [Halosimplex litoreum],TAT,0.0,0.0,0.0,0.842031,0.157983,1e-06,CS pos: 69-70. Pr: 0.6566,0.6566
QPV64253.1 fibronectin type III domain-containing protein [Halosimplex litoreum],TAT,0.0,0.0,0.0,0.833172,0.166846,0.0,CS pos: 57-58. Pr: 0.7546,0.7546
QPV64254.1 hypothetical protein I7X12_06450 [Halosimplex litoreum],TAT,0.0,0.0,0.0,0.835537,0.164475,0.0,CS pos: 54-55. Pr: 0.7533,0.7533
QPV64257.1 cellulase family glycosylhydrolase [Halosimplex litoreum],TAT,0.0,0.0,0.0,0.834182,0.165829,0.0,CS pos: 54-55. Pr: 0.7530,0.753
QPV64819.1 cellulase family glycosylhydrolase [Halosimplex litoreum],TATLIPO,0.0,0.0,0.0,0.333181,0.666822,0.0,CS pos: 20-21. Pr: 0.5816,0.5816
ADQ07774.1 glycoside hydrolase family 5 [Caldicellulosiruptor hydrothermalis 108],SP,0.021737,0.977345,0.000257,0.000268,0.000201,0.00019,CS pos: 29-30. Pr: 0.8766,0.8766
ADQ08066.1 glycoside hydrolase family 5 [Caldicellulosiruptor hydrothermalis 108],OTHER,0.999996,0.0,0.0,0.0,0.0,0.0,,
NGO38408.1 cellulase family glycosylhydrolase [Limisphaera ngatamarikiensis],TAT,0.0,0.0,0.0,0.999993,0.0,0.0,CS pos: 24-25. Pr: 0.8772,0.8772
NGO38663.1 glycoside hydrolase family 5 protein [Limisphaera ngatamarikiensis],TAT,0.0,0.0,0.0,0.877425,0.122566,0.0,CS pos: 35-36. Pr: 0.7067,0.7067
NGO38857.1 glycoside hydrolase family 5 protein [Limisphaera ngatamarikiensis],SP,0.000245,0.832372,0.16687,0.000207,0.000157,0.000166,CS pos: 25-26. Pr: 0.8098,0.8098
NGO39527.1 glycoside hydrolase family 5 protein [Limisphaera ngatamarikiensis],SP,0.000413,0.99794,0.000736,0.000353,0.000283,0.000284,CS pos: 42-43. Pr: 0.3922,0.3922
NGO39974.1 glycoside hydrolase family 5 protein [Limisphaera ngatamarikiensis],SP,0.000156,0.999339,0.000136,0.000144,0.00012,0.000122,CS pos: 23-24. Pr: 0.9818,0.9818
MCM8899918.1 thioredoxin domain-containing protein [Caldicoprobacter algeriensis],OTHER,1.0,0.0,0.0,0.0,0.0,0.0,,
MCM8901046.1 glycoside hydrolase family 9 protein [Caldicoprobacter algeriensis],OTHER,1.0,0.0,0.0,0.0,0.0,0.0,,
ADI31911.1 Cellulase [Staphylothermus hellenicus DSM 12710],SP,0.056956,0.942287,0.000219,0.000207,0.000165,0.000161,CS pos: 28-29. Pr: 0.9451,0.9451
AQS60117.1 thioredoxin domain-containing protein [Desulforamulus ferrireducens],OTHER,1.0,0.0,0.0,0.0,0.0,0.0,,
SDB31725.1 endoglucanase [Eubacterium oxidoreducens],SP,0.000199,0.99918,0.000168,0.000182,0.000137,0.000136,CS pos: 30-31. Pr: 0.9699,0.9699
AAK42142.1 Endoglucanase precursor [Saccharolobus solfataricus P2],OTHER,0.937801,0.062164,2.5e-05,2.2e-05,1.6e-05,1.6e-05,,
"AAK42663.1 Cellulase (endo 1,4 beta glucanase), putative (celB) [Saccharolobus solfataricus P2]",OTHER,0.833051,0.166887,3.2e-05,2.4e-05,2.3e-05,2.2e-05,,
AEF18067.1 glycosyl hydrolase family 88 [Thermoanaerobacterium xylanolyticum LX-11],OTHER,1.0,0.0,0.0,0.0,0.0,0.0,,
TDT51927.1 6-phospho-beta-glucosidase [Fonticella tunisiensis],OTHER,1.0,0.0,0.0,0.0,0.0,0.0,,
MBM7624901.1 uncharacterized protein YyaL (SSP411 family) [Sporohalobacter salinus],OTHER,0.999999,0.0,0.0,0.0,0.0,0.0,,
TCJ15604.1 glycoside hydrolase family 5 protein [Rubrobacter taiwanensis],OTHER,1.0,0.0,0.0,0.0,0.0,0.0,,
MBB3905859.1 aryl-phospho-beta-D-glucosidase BglC (GH1 family) [Anoxybacillus rupiensis],OTHER,1.0,0.0,0.0,0.0,0.0,0.0,,
"ABF44126.1 glycoside hydrolase, family 5 (plasmid) [Deinococcus geothermalis DSM 11300]",OTHER,1.0,0.0,0.0,0.0,0.0,0.0,,
EOT56837.1 hypothetical protein I579_00341 [Enterococcus asini ATCC 700915],OTHER,1.0,0.0,0.0,0.0,0.0,0.0,,
MBH8591973.1 cellulase family glycosylhydrolase [Paenactinomyces guangxiensis],SP,0.000179,0.999259,0.000148,0.000167,0.000129,0.000128,CS pos: 29-30. Pr: 0.9740,0.974
QGR19734.1 hypothetical protein D1868_06830 [Stygiolobus azoricus],SP,0.345477,0.653243,0.000483,0.000294,0.000274,0.000241,CS pos: 27-28. Pr: 0.4479,0.4479
KAF1690705.1 glycoside hydrolase [Pseudoxanthomonas taiwanensis],SP,0.000228,0.99904,0.000205,0.000208,0.000175,0.000173,CS pos: 26-27. Pr: 0.9724,0.9724
KAF1690986.1 cellulase [Pseudoxanthomonas taiwanensis],SP,0.000204,0.999132,0.000172,0.000195,0.000151,0.000146,CS pos: 28-29. Pr: 0.9737,0.9737
SFQ16344.1 Cellulase family 5 [Caldicoprobacter faecalis],OTHER,0.999998,0.0,0.0,0.0,0.0,0.0,,
SFQ16376.1 non-processive endocellulase [Caldicoprobacter faecalis],LIPO,0.0,0.0,1.0,0.0,0.0,0.0,CS pos: 22-23. Pr: 0.9971,0.9971
SFQ28529.1 hypothetical protein SAMN05444406_12330 [Caldicoprobacter faecalis],OTHER,1.0,0.0,0.0,0.0,0.0,0.0,,
EOC99482.1 Thymidylate kinase [Caldisalinibacter kiritimatiensis],OTHER,1.0,0.0,0.0,0.0,0.0,0.0,,
WPD18678.1 cellulase family glycosylhydrolase [Thermaerobacter composti],OTHER,1.0,0.0,0.0,0.0,0.0,0.0,,
ADI03480.1 putative endoglucanase [Streptomyces bingchenggensis BCW-1],OTHER,1.0,0.0,0.0,0.0,0.0,0.0,,
"ADI04930.1 cellulose 1,4-beta-cellobiosidase [Streptomyces bingchenggensis BCW-1]",SP,0.000201,0.999106,0.000175,0.000206,0.000153,0.000162,CS pos: 22-23. Pr: 0.9800,0.98
ADI05235.1 endoglucanase [Streptomyces bingchenggensis BCW-1],SP,0.000241,0.999078,0.000197,0.000202,0.000161,0.000157,CS pos: 32-33. Pr: 0.9903,0.9903
ADI06092.1 glycoside hydrolase family 6 [Streptomyces bingchenggensis BCW-1],OTHER,0.666743,0.333054,5.1e-05,4.4e-05,5e-05,4.1e-05,,
ADI06541.1 hypothetical protein SBI_03420 [Streptomyces bingchenggensis BCW-1],SP,0.000179,0.999273,0.000146,0.000156,0.000127,0.000126,CS pos: 29-30. Pr: 0.9769,0.9769
ADI06662.1 glycoside hydrolase family 6 [Streptomyces bingchenggensis BCW-1],SP,0.000198,0.999101,0.00017,0.000203,0.000163,0.000162,CS pos: 28-29. Pr: 0.9734,0.9734
ADI09008.1 endoglucanase [Streptomyces bingchenggensis BCW-1],SP,0.166812,0.832489,0.000194,0.000204,0.000153,0.000163,CS pos: 13-14. Pr: 0.7939,0.7939
ADI09009.1 glycoside hydrolase family protein [Streptomyces bingchenggensis BCW-1],OTHER,0.999848,0.000172,0.0,0.0,0.0,0.0,,
ADI09835.1 putative secreted endoglucanase [Streptomyces bingchenggensis BCW-1],LIPO,0.0,0.0,0.999991,0.0,0.0,0.0,CS pos: 16-17. Pr: 0.9913,0.9913
ADI09891.1 putative hydrolase [Streptomyces bingchenggensis BCW-1],SP,0.000367,0.998382,0.000288,0.000368,0.000361,0.000245,CS pos: 47-48. Pr: 0.9533,0.9533
"ADI10019.1 cellulose 1,4-beta-cellobiosidase [Streptomyces bingchenggensis BCW-1]",SP,0.000289,0.832052,0.000231,0.166977,0.000259,0.000201,CS pos: 41-42. Pr: 0.8006,0.8006
"ADI10020.1 endo-1,4-beta-glucanase [Streptomyces bingchenggensis BCW-1]",SP,0.166824,0.832606,0.000138,0.000164,0.000127,0.000129,CS pos: 24-25. Pr: 0.7338,0.7338
"ADI10021.1 cellulose 1,4-beta-cellobiosidase [Streptomyces bingchenggensis BCW-1]",SP,0.001213,0.997027,0.000511,0.000556,0.00037,0.000334,CS pos: 25-26. Pr: 0.9640,0.964
ADI11512.1 putative secreted endoglucanase [Streptomyces bingchenggensis BCW-1],LIPO,7e-06,7.8e-05,0.999906,0.0,0.0,0.0,CS pos: 29-30. Pr: 0.9942,0.9942
ADI12268.1 putative glycosylhydrolase [Streptomyces bingchenggensis BCW-1],SP,0.000186,0.999232,0.000151,0.000172,0.000134,0.000136,CS pos: 29-30. Pr: 0.9818,0.9818
"ADI12306.1 cellulose 1,4-beta-cellobiosidase [Streptomyces bingchenggensis BCW-1]",OTHER,1.0,0.0,0.0,0.0,0.0,0.0,,
ADI12317.1 endoglucanase [Streptomyces bingchenggensis BCW-1],SP,0.000131,0.666068,0.000109,0.333473,0.000118,0.000116,CS pos: 25-26. Pr: 0.6511,0.6511
ADI13041.1 glycoside hydrolase family 5 [Streptomyces bingchenggensis BCW-1],SP,0.000321,0.997521,0.001454,0.000264,0.000221,0.000211,CS pos: 38-39. Pr: 0.9487,0.9487
ADI13081.1 glycoside hydrolase family 5 [Streptomyces bingchenggensis BCW-1],SP,0.000275,0.998885,0.000221,0.000225,0.000187,0.000177,CS pos: 38-39. Pr: 0.9568,0.9568
ADI13085.1 putative cellulase CelA1 [Streptomyces bingchenggensis BCW-1],SP,0.000198,0.999151,0.000165,0.000183,0.00015,0.000151,CS pos: 27-28. Pr: 0.9763,0.9763
ADI13086.1 glycoside hydrolase family 6 [Streptomyces bingchenggensis BCW-1],SP,0.000239,0.999007,0.000196,0.000228,0.00018,0.000176,CS pos: 30-31. Pr: 0.9763,0.9763
ADI13090.1 hypothetical protein SBI_09972 [Streptomyces bingchenggensis BCW-1],SP,0.000249,0.998871,0.000215,0.000258,0.000182,0.0002,CS pos: 23-24. Pr: 0.9647,0.9647
"ABP65789.1 glycoside hydrolase, family 5 [Caldicellulosiruptor saccharolyticus DSM 8903]",OTHER,1.0,0.0,0.0,0.0,0.0,0.0,,
"ABP66690.1 glycoside hydrolase, family 48 [Caldicellulosiruptor saccharolyticus DSM 8903]",OTHER,0.833194,0.166786,5e-06,4e-06,5e-06,4e-06,,
"ABP66691.1 glycoside hydrolase, family 5 [Caldicellulosiruptor saccharolyticus DSM 8903]",SP,0.000248,0.999004,0.000212,0.000227,0.000169,0.000165,CS pos: 38-39. Pr: 0.9442,0.9442
"ABP66693.1 Cellulase., Cellulose 1,4-beta-cellobiosidase [Caldicellulosiruptor saccharolyticus DSM 8903]",SP,0.211584,0.787438,0.000254,0.000288,0.000227,0.000213,CS pos: 37-38. Pr: 0.7694,0.7694
"ABP66694.1 glycoside hydrolase, family 5 [Caldicellulosiruptor saccharolyticus DSM 8903]",OTHER,1.0,0.0,0.0,0.0,0.0,0.0,,
ANZ30852.1 hypothetical protein BCV53_12535 [Parageobacillus thermoglucosidasius],OTHER,1.0,0.0,0.0,0.0,0.0,0.0,,
GAA0523656.1 hypothetical protein GCM10009545_27440 [Saccharopolyspora thermophila],OTHER,1.0,0.0,0.0,0.0,0.0,0.0,,
TCS96873.1 hypothetical protein EDD58_101518 [Hazenella coriacea],OTHER,1.0,0.0,0.0,0.0,0.0,0.0,,
"CCQ32630.1 glycoside hydrolase, family GH5 [Halorhabdus tiamatea SARL4B]",OTHER,0.501307,1.5e-05,0.0,0.33471,0.163972,0.0,,
"CCQ33656.1 beta-1,4-glucanase, family GH5-Fn3- [Halorhabdus tiamatea SARL4B]",TATLIPO,0.0,0.0,0.0,0.000123,0.999889,0.0,CS pos: 19-20. Pr: 0.8584,0.8584
CCQ34230.1 chitin binding protein [Halorhabdus tiamatea SARL4B],TAT,0.0,0.0,0.0,0.971559,0.028453,0.0,CS pos: 55-56. Pr: 0.9135,0.9135
CCQ34231.1 chitin binding protein [Halorhabdus tiamatea SARL4B],TAT,0.0,0.0,0.0,0.900105,0.099894,0.0,CS pos: 51-52. Pr: 0.8642,0.8642
"CCQ34232.1 endo-1,4-beta-xylanase A precursor [Halorhabdus tiamatea SARL4B]",TAT,0.0,0.0,0.0,0.781024,0.219007,0.0,CS pos: 63-64. Pr: 0.7138,0.7138
CCQ34235.1 chitin binding protein [Halorhabdus tiamatea SARL4B],TAT,3.9e-05,0.0,0.0,0.833402,0.166561,0.0,CS pos: 69-70. Pr: 0.5019,0.5019
CCQ34237.1 chitin binding protein [Halorhabdus tiamatea SARL4B],TAT,0.0,0.0,0.0,0.835956,0.164059,0.0,CS pos: 59-60. Pr: 0.6761,0.6761
"CCQ34238.1 beta-1,4-glucanase family GH9-CBM3 [Halorhabdus tiamatea SARL4B]",TAT,0.0,0.0,0.0,0.834057,0.165966,0.0,CS pos: 55-56. Pr: 0.5606,0.5606
"QXJ28463.1 Extracellular endo-1,4-beta-glucanase [Saccharolobus shibatae B12]",OTHER,0.571255,0.427562,0.000515,0.00025,0.000238,0.000221,,
"QXJ29013.1 Cytoplasmic endo-1,4-beta-glucanase [Saccharolobus shibatae B12]",OTHER,0.696188,0.303497,0.000111,8.7e-05,7e-05,6.7e-05,,
"QXJ29154.1 Extracellular endo-1,4-beta-glucanase [Saccharolobus shibatae B12]",OTHER,0.501841,0.497067,0.000293,0.00037,0.000264,0.000198,,
AIC16068.1 hypothetical protein NVIE_018090 [Nitrososphaera viennensis EN76],OTHER,0.999993,0.0,0.0,0.0,0.0,0.0,,
SHF36272.1 Glycosyl hydrolases family 6 [Streptoalloteichus hindustanus],SP,0.000195,0.999102,0.000167,0.000193,0.000152,0.000157,CS pos: 26-27. Pr: 0.9771,0.9771
SHG04458.1 endoglycosylceramidase [Streptoalloteichus hindustanus],SP,0.000217,0.999103,0.00018,0.000202,0.000156,0.000156,CS pos: 29-30. Pr: 0.8156,0.8156
CDM67132.1 endoglucanase [Pyrinomonas methylaliphatogenes],SP,0.000191,0.999166,0.000165,0.000184,0.000145,0.000148,CS pos: 32-33. Pr: 0.9670,0.967
"ACP44630.1 cellulase (endo 1,4 beta glucanase), putative (CelB) [Sulfolobus islandicus Y.G.57.14]",OTHER,0.573898,0.424855,0.000551,0.00026,0.000252,0.000229,,
ACP45001.1 endoglucanase precursor [Sulfolobus islandicus Y.G.57.14],OTHER,0.887894,0.112001,4.7e-05,3.9e-05,3e-05,2.9e-05,,
AWR98165.1 cellulase [Acidianus sulfidivorans JP7],OTHER,1.0,0.0,0.0,0.0,0.0,0.0,,
AWR98635.1 hypothetical protein DFR87_01740 [Metallosphaera hakonensis JCM 8857 = DSM 7519],OTHER,0.999972,0.0,0.0,0.0,0.0,0.0,,
ABW01682.1 glycoside hydrolase family 12 [Caldivirga maquilingensis IC-167],OTHER,0.999996,0.0,0.0,0.0,0.0,0.0,,
RAK18867.1 hypothetical protein B0I26_10842 [Anoxybacillus vitaminiphilus],OTHER,0.99999,0.0,0.0,0.0,0.0,0.0,,
BFH74238.1 hypothetical protein SJAV_21820 [Sulfurisphaera javensis],OTHER,0.667179,0.332564,0.0001,7.7e-05,6.6e-05,6.4e-05,,
MUN29067.1 hypothetical protein GC250_06370 [Sulfolobus metallicus DSM 6482 = JCM 9184],OTHER,0.911004,0.088909,3.9e-05,3e-05,2.4e-05,2.3e-05,,
MBB5131105.1 aryl-phospho-beta-D-glucosidase BglC (GH1 family) [Thermocatellispora tengchongensis],OTHER,1.0,0.0,0.0,0.0,0.0,0.0,,
MBB5132691.1 endoglucanase [Thermocatellispora tengchongensis],SP,0.000229,0.999001,0.000198,0.000226,0.000176,0.000178,CS pos: 33-34. Pr: 0.9181,0.9181
MBB5133782.1 hypothetical protein HNP84_003508 [Thermocatellispora tengchongensis],TAT,0.0,0.0,0.0,1.0,0.0,0.0,CS pos: 31-32. Pr: 0.9289,0.9289
"MBB5134243.1 mannan endo-1,4-beta-mannosidase, partial [Thermocatellispora tengchongensis]",SP,0.000164,0.999289,0.000142,0.000159,0.000125,0.000126,CS pos: 28-29. Pr: 0.9764,0.9764
MBB5134244.1 hypothetical protein HNP84_003976 [Thermocatellispora tengchongensis],SP,0.000971,0.997124,0.000517,0.000613,0.000433,0.000346,CS pos: 33-34. Pr: 0.9657,0.9657
"MBB5135258.1 cellulose 1,4-beta-cellobiosidase [Thermocatellispora tengchongensis]",SP,0.000807,0.997651,0.000434,0.000493,0.000358,0.000303,CS pos: 34-35. Pr: 0.9692,0.9692
MBB5135738.1 endoglucanase [Thermocatellispora tengchongensis],SP,0.000854,0.997686,0.000422,0.00045,0.000321,0.000293,CS pos: 29-30. Pr: 0.9756,0.9756
MBB5135887.1 endoglucanase [Thermocatellispora tengchongensis],SP,0.000259,0.998949,0.000206,0.000229,0.000174,0.000182,CS pos: 30-31. Pr: 0.8007,0.8007
MBB5137133.1 hypothetical protein HNP84_006885 [Thermocatellispora tengchongensis],OTHER,1.0,0.0,0.0,0.0,0.0,0.0,,
MBB5138800.1 endoglucanase [Thermocatellispora tengchongensis],SP,0.000232,0.999003,0.000188,0.000234,0.00018,0.00017,CS pos: 38-39. Pr: 0.9655,0.9655
MBB5138801.1 hypothetical protein HNP84_008559 [Thermocatellispora tengchongensis],SP,0.001587,0.973107,0.000966,0.022866,0.000899,0.000603,CS pos: 43-44. Pr: 0.9555,0.9555
MBB5138802.1 endoglucanase [Thermocatellispora tengchongensis],SP,0.000196,0.99917,0.000165,0.000191,0.000146,0.000147,CS pos: 27-28. Pr: 0.9742,0.9742
MBB5138921.1 endoglucanase [Thermocatellispora tengchongensis],SP,0.0002,0.99913,0.000165,0.000191,0.000154,0.000147,CS pos: 33-34. Pr: 0.9718,0.9718
MBB5140165.1 hypothetical protein HNP84_009932 [Thermocatellispora tengchongensis],OTHER,1.0,0.0,0.0,0.0,0.0,0.0,,
SHI89581.1 hypothetical protein SAMN02745176_01730 [Lutispora thermophila DSM 19022],OTHER,1.0,0.0,0.0,0.0,0.0,0.0,,
CUH91631.1 putative secreted protein [Herbinix luporum],SP,0.000161,0.99929,0.000144,0.000154,0.000119,0.000122,CS pos: 24-25. Pr: 0.9781,0.9781
CUH91691.1 hypothetical protein SD1D_0137 [Herbinix luporum],SP,0.00031,0.998642,0.000323,0.00027,0.000226,0.000227,CS pos: 32-33. Pr: 0.7510,0.751
CUH91693.1 Endoglucanase B [Herbinix luporum],SP,0.000257,0.999002,0.000214,0.000219,0.000171,0.000163,CS pos: 31-32. Pr: 0.9278,0.9278
CUH91791.1 Endoglucanase/exoglucanase B [Herbinix luporum],SP,0.023326,0.975552,0.000373,0.000283,0.000245,0.000221,CS pos: 34-35. Pr: 0.7866,0.7866
CUH91792.1 Endoglucanase [Herbinix luporum],SP,0.000204,0.999134,0.000175,0.000194,0.000153,0.000144,CS pos: 36-37. Pr: 0.9731,0.9731
CUH92781.1 Endoglucanase Z [Herbinix luporum],SP,0.000186,0.999211,0.000162,0.000172,0.000135,0.000134,CS pos: 28-29. Pr: 0.9729,0.9729
CUH92782.1 Exoglucanase-2 [Herbinix luporum],SP,0.000205,0.999166,0.00017,0.000186,0.000142,0.000143,CS pos: 34-35. Pr: 0.9725,0.9725
CUH93289.1 Endoglucanase C307 [Herbinix luporum],OTHER,1.0,0.0,0.0,0.0,0.0,0.0,,
"CUH93326.1 Cellulose 1,4-beta-cellobiosidase [Herbinix luporum]",SP,0.000201,0.999161,0.000174,0.00018,0.000143,0.000141,CS pos: 33-34. Pr: 0.9708,0.9708
CUH93327.1 Endoglucanase F [Herbinix luporum],SP,0.000207,0.999164,0.000173,0.000184,0.000143,0.000142,CS pos: 29-30. Pr: 0.9756,0.9756
CUH93330.1 putative secreted protein [Herbinix luporum],OTHER,0.979669,0.020282,1.1e-05,1.9e-05,1.3e-05,1.1e-05,,
CUH93427.1 hypothetical protein SD1D_1887 [Herbinix luporum],SP,0.00048,0.998612,0.000311,0.000245,0.000183,0.000173,CS pos: 39-40. Pr: 0.9678,0.9678
ADL41864.1 glycoside hydrolase family 5 [Caldicellulosiruptor obsidiansis OB47],SP,0.000257,0.999041,0.000196,0.000201,0.000153,0.000162,CS pos: 29-30. Pr: 0.9666,0.9666
"ADL42945.1 Cellulose 1,4-beta-cellobiosidase [Caldicellulosiruptor obsidiansis OB47]",SP,0.000267,0.998962,0.000225,0.000217,0.000178,0.000166,CS pos: 27-28. Pr: 0.9639,0.9639
"ADL42950.1 Cellulase., Mannan endo-1,4-beta-mannosidase [Caldicellulosiruptor obsidiansis OB47]",SP,0.351585,0.647369,0.000302,0.000302,0.000238,0.000217,CS pos: 37-38. Pr: 0.3341,0.3341
"ADL42951.1 Cellulose 1,4-beta-cellobiosidase [Caldicellulosiruptor obsidiansis OB47]",SP,0.023092,0.975861,0.000318,0.000283,0.000228,0.000213,CS pos: 36-37. Pr: 0.8924,0.8924
"ADL42953.1 Cellulase., Cellulose 1,4-beta-cellobiosidase [Caldicellulosiruptor obsidiansis OB47]",OTHER,1.0,1.6e-05,0.0,0.0,0.0,0.0,,
GAA3896681.1 hypothetical protein GCM10022244_03560 [Streptomyces gulbargensis],SP,0.000552,0.998181,0.000473,0.00032,0.000231,0.000236,CS pos: 30-31. Pr: 0.9713,0.9713
GAA3904870.1 cellulase family glycosylhydrolase [Streptomyces gulbargensis],SP,0.001023,0.997299,0.000474,0.000535,0.00036,0.000324,CS pos: 27-28. Pr: 0.9790,0.979
GAA3904881.1 cellulase [Streptomyces gulbargensis],SP,0.000201,0.999137,0.000177,0.000193,0.000147,0.000155,CS pos: 29-30. Pr: 0.9703,0.9703
"GAA3905559.1 cellulose 1,4-beta-cellobiosidase [Streptomyces gulbargensis]",SP,0.001101,0.829727,0.000617,0.167537,0.000554,0.000439,CS pos: 33-34. Pr: 0.8040,0.804
GAA3905568.1 cellulase family glycosylhydrolase [Streptomyces gulbargensis],SP,0.000855,0.997707,0.000417,0.000428,0.000316,0.000289,CS pos: 17-18. Pr: 0.9543,0.9543
GAA3905578.1 glycoside hydrolase family 48 protein [Streptomyces gulbargensis],SP,0.001591,0.995588,0.000729,0.001003,0.000613,0.000493,CS pos: 44-45. Pr: 0.9144,0.9144
GAA3919708.1 hypothetical protein GCM10022244_30990 [Streptomyces gulbargensis],SP,0.000203,0.999106,0.000172,0.0002,0.000155,0.00016,CS pos: 26-27. Pr: 0.9874,0.9874
GAA3930457.1 glycoside hydrolase family 6 protein [Streptomyces gulbargensis],LIPO,0.0,0.0,1.0,0.0,0.0,0.0,CS pos: 21-22. Pr: 0.9955,0.9955
GAA3940599.1 hypothetical protein GCM10022244_55840 [Streptomyces gulbargensis],SP,0.000274,0.998877,0.000219,0.000251,0.000182,0.000188,CS pos: 35-36. Pr: 0.4792,0.4792
GGT89437.1 beta-glucuronidase [Sulfodiicoccus acidiphilus],OTHER,1.0,0.0,0.0,0.0,0.0,0.0,,
GGT92508.1 hypothetical protein GCM10007116_07820 [Sulfodiicoccus acidiphilus],SP,0.000167,0.999257,0.000139,0.000151,0.000124,0.000117,CS pos: 22-23. Pr: 0.9677,0.9677
GGT94270.1 hypothetical protein GCM10007116_09820 [Sulfodiicoccus acidiphilus],SP,0.225837,0.773112,0.000344,0.000256,0.000242,0.000225,CS pos: 25-26. Pr: 0.3671,0.3671
ADQ04043.1 glycoside hydrolase family 5 [Caldicellulosiruptor owensensis OL],SP,0.000269,0.998968,0.000211,0.000216,0.000168,0.000167,CS pos: 29-30. Pr: 0.9534,0.9534
PHJ39622.1 hypothetical protein P378_02875 [Desulforamulus profundi],OTHER,1.0,0.0,0.0,0.0,0.0,0.0,,
SHK26868.1 Beta-glucosidase/6-phospho-beta-glucosidase/beta-galactosidase [Clostridium cavendishii DSM 21758],OTHER,0.999997,0.0,0.0,0.0,0.0,0.0,,
ENZ03507.1 hypothetical protein HMPREF1092_00694 [Clostridium thermobutyricum],OTHER,1.0,0.0,0.0,0.0,0.0,0.0,,
GCE48755.1 hypothetical protein KTH_36240 [Thermosporothrix hazakensis],SP,0.000215,0.999063,0.0002,0.000206,0.000156,0.000163,CS pos: 28-29. Pr: 0.9696,0.9696
GCE50102.1 hypothetical protein KTH_49710 [Thermosporothrix hazakensis],SP,0.000194,0.999173,0.000168,0.000189,0.000145,0.000145,CS pos: 37-38. Pr: 0.9682,0.9682
GCE50103.1 glucanase [Thermosporothrix hazakensis],SP,0.000536,0.998387,0.000309,0.000323,0.000245,0.000223,CS pos: 41-42. Pr: 0.9675,0.9675
GCE50128.1 hypothetical protein KTH_49970 [Thermosporothrix hazakensis],SP,0.000358,0.99874,0.000253,0.000257,0.000207,0.000185,CS pos: 37-38. Pr: 0.9567,0.9567
GCE50334.1 hypothetical protein KTH_52030 [Thermosporothrix hazakensis],SP,0.000177,0.99927,0.000148,0.000159,0.000125,0.000124,CS pos: 31-32. Pr: 0.9744,0.9744
GCE50518.1 glycoside hydrolase [Thermosporothrix hazakensis],SP,0.00021,0.999065,0.000213,0.000189,0.000159,0.000162,CS pos: 31-32. Pr: 0.9688,0.9688
GCE51262.1 endoglucanase [Thermosporothrix hazakensis],SP,0.000246,0.998971,0.000211,0.000231,0.000183,0.000174,CS pos: 36-37. Pr: 0.9725,0.9725
MGJ7044304.1 unsaturated rhamnogalacturonyl hydrolase [Thermoanaerobacterium thermosulfurigenes],OTHER,1.0,0.0,0.0,0.0,0.0,0.0,,
GAA4515356.1 hypothetical protein GCM10023173_13070 [Sphingobacterium thermophilum],OTHER,0.499855,0.499846,9.7e-05,8.3e-05,7.2e-05,6.6e-05,,
EEB73138.1 conserved hypothetical protein [Thermococcus sp. AM4],LIPO,0.0,0.0,1.0,0.0,0.0,0.0,CS pos: 17-18. Pr: 0.9689,0.9689
"EEB73588.2 endo-1,4-beta-glucanase b [Thermococcus sp. AM4]",SP,0.000209,0.999135,0.00019,0.000184,0.000142,0.000149,CS pos: 29-30. Pr: 0.9463,0.9463
"SRX92804.1 putative cellulase CelA1 (endoglucanase) (endo-1,4-beta-glucanase) (FI-cmcase) (carboxymethyl cellulase) [Mycobacterium tuberculosis H37Rv] [Mycobacterium shimoidei]",OTHER,0.801647,0.197927,0.00014,0.000149,7.5e-05,6e-05,,
SRX95619.1 endoglycoceramidase [Nocardioides sp. JS614] [Mycobacterium shimoidei],SP,0.000252,0.998869,0.000219,0.000243,0.000197,0.000199,CS pos: 30-31. Pr: 0.9715,0.9715
ACY97312.1 glycoside hydrolase family 6 [Thermomonospora curvata DSM 43183],SP,0.002181,0.996224,0.000555,0.00044,0.00032,0.000282,CS pos: 41-42. Pr: 0.9696,0.9696
ACZ19972.1 glycoside hydrolase family 5 [Thermanaerovibrio acidaminovorans DSM 6589],OTHER,1.0,0.0,0.0,0.0,0.0,0.0,,
GGJ00382.1 endoglucanase [Alicyclobacillus cellulosilyticus],OTHER,1.0,0.0,0.0,0.0,0.0,0.0,,
GGJ00652.1 endoglucanase [Alicyclobacillus cellulosilyticus],OTHER,1.0,0.0,0.0,0.0,0.0,0.0,,
AGN36282.1 endoglucanase EglA [Bacillus paralicheniformis ATCC 9945a],SP,0.000185,0.999209,0.000167,0.000173,0.000137,0.000141,CS pos: 31-32. Pr: 0.9667,0.9667
AGN36283.1 endoglucanase CelA [Bacillus paralicheniformis ATCC 9945a],OTHER,0.999999,0.0,0.0,0.0,0.0,0.0,,
AGN36284.1 putative endoglucanase CelB [Bacillus paralicheniformis ATCC 9945a],SP,0.401803,0.597375,0.000314,0.000193,0.000189,0.000156,CS pos: 33-34. Pr: 0.5985,0.5985
"AGN36513.1 endo-1,4-beta-glucanase [Bacillus paralicheniformis ATCC 9945a]",SP,0.000198,0.999171,0.000168,0.000186,0.000141,0.000137,CS pos: 32-33. Pr: 0.9740,0.974
AGN37700.1 glycoside hydrolase family protein [Bacillus paralicheniformis ATCC 9945a],SP,0.000179,0.999248,0.000153,0.000163,0.000128,0.000126,CS pos: 29-30. Pr: 0.9725,0.9725
AMW33355.1 glycoside hydrolase family 5 protein [Fervidobacterium islandicum],LIPO,0.000118,0.499572,0.500111,7.7e-05,6e-05,6.6e-05,CS pos: 25-26. Pr: 0.4437,0.4437
PNS01287.1 hypothetical protein X927_00930 [Petrotoga mexicana DSM 14811],SP,0.00032,0.993976,0.005081,0.000217,0.000228,0.000189,CS pos: 21-22. Pr: 0.9181,0.9181
AHL22547.1 hypothetical protein BD01_0925 [Thermococcus nautili],SP,0.001566,0.997453,0.000288,0.000248,0.000218,0.000222,CS pos: 22-23. Pr: 0.9570,0.957
AWR93883.1 hypothetical protein DFR85_03870 [Acidianus brierleyi],OTHER,0.751095,0.247767,0.000377,0.000299,0.000244,0.000232,,
"ADQ45727.1 Cellulase., Cellulose 1,4-beta-cellobiosidase [Caldicellulosiruptor kronotskyensis 2002]",OTHER,0.590075,0.409557,9e-05,0.00012,9.2e-05,7.2e-05,,
"ADQ45728.1 Mannan endo-1,4-beta-mannosidase [Caldicellulosiruptor kronotskyensis 2002]",SP,0.000215,0.999126,0.000184,0.000202,0.000148,0.000149,CS pos: 38-39. Pr: 0.9693,0.9693
"ADQ45729.1 Cellulose 1,4-beta-cellobiosidase [Caldicellulosiruptor kronotskyensis 2002]",OTHER,0.638242,0.361259,0.000123,0.000146,0.000115,0.000104,,
"ADQ45730.1 Mannan endo-1,4-beta-mannosidase [Caldicellulosiruptor kronotskyensis 2002]",SP,0.000215,0.999126,0.000184,0.000202,0.000148,0.000149,CS pos: 38-39. Pr: 0.9693,0.9693
ADQ45731.1 Cellulase [Caldicellulosiruptor kronotskyensis 2002],SP,0.199641,0.799366,0.000262,0.000293,0.000228,0.00022,CS pos: 37-38. Pr: 0.7569,0.7569
ADQ45732.1 glycoside hydrolase family 5 [Caldicellulosiruptor kronotskyensis 2002],OTHER,1.0,0.0,0.0,0.0,0.0,0.0,,
"ADQ45737.1 Cellulose 1,4-beta-cellobiosidase [Caldicellulosiruptor kronotskyensis 2002]",OTHER,0.500134,0.499394,0.000182,0.000109,0.000105,9e-05,,
ADQ47167.1 glycoside hydrolase family 5 [Caldicellulosiruptor kronotskyensis 2002],OTHER,1.0,0.0,0.0,0.0,0.0,0.0,,
TDT71386.1 endoglucanase [Hypnocyclicus thermotrophus],SP,0.00026,0.998955,0.000239,0.000202,0.000167,0.00016,CS pos: 22-23. Pr: 0.9722,0.9722
XEY14857.1 glycoside hydrolase family 5 protein [Fervidobacterium thailandense],LIPO,7.6e-05,0.333082,0.666737,4.3e-05,3.7e-05,3.7e-05,CS pos: 21-22. Pr: 0.6609,0.6609
AFN73747.1 glycoside hydrolase family protein [Melioribacter roseus P3M-2],SP,0.000223,0.999087,0.000205,0.00019,0.000156,0.000154,CS pos: 22-23. Pr: 0.9712,0.9712
AFN73995.1 endoglucanase [Melioribacter roseus P3M-2],LIPO,0.0,0.0,1.0,0.0,0.0,0.0,CS pos: 19-20. Pr: 0.9900,0.99
AFN73999.1 glycoside hydrolase family 9 [Melioribacter roseus P3M-2],SP,0.000194,0.999181,0.000181,0.000175,0.000145,0.000144,CS pos: 18-19. Pr: 0.9802,0.9802
AFN75471.1 glycoside hydrolase family 9 [Melioribacter roseus P3M-2],LIPO,2.8e-05,0.333251,0.666709,1.7e-05,1.6e-05,1.5e-05,CS pos: 15-16. Pr: 0.5952,0.5952
AFN75855.1 glycoside hydrolase family protein [Melioribacter roseus P3M-2],TAT,0.0,0.0,0.0,0.83341,0.166615,0.0,CS pos: 27-28. Pr: 0.7550,0.755
AFN75856.1 glycoside hydrolase family 9 protein [Melioribacter roseus P3M-2],OTHER,1.0,0.0,0.0,0.0,0.0,0.0,,
AFN76067.1 glycoside hydrolase family 9 domain protein [Melioribacter roseus P3M-2],SP,0.000213,0.99907,0.000204,0.000198,0.000162,0.000159,CS pos: 20-21. Pr: 0.9711,0.9711
AKX97101.1 hypothetical protein MOTHA_c17550 [Moorella thermoacetica],OTHER,0.999997,0.0,0.0,0.0,0.0,0.0,,
BAJ62400.1 endoglucanase C [Anaerolinea thermophila UNI-1],OTHER,1.0,0.0,0.0,0.0,0.0,0.0,,
BAJ63901.1 endoglucanase [Anaerolinea thermophila UNI-1],LIPO,0.0,3e-06,0.99999,0.0,0.0,0.0,CS pos: 26-27. Pr: 0.9977,0.9977
GAA0503070.1 thioredoxin domain-containing protein [Salinibacillus aidingensis],OTHER,0.999999,0.0,0.0,0.0,0.0,0.0,,
ADI73986.1 protein of unknown function DUF255 [Methanohalobium evestigatum Z-7303],OTHER,1.0,0.0,0.0,0.0,0.0,0.0,,
AJG41198.1 endoglucanase [Thermotoga sp. RQ7],OTHER,0.999994,0.0,0.0,0.0,0.0,0.0,,
AJG41199.1 endoglucanase [Thermotoga sp. RQ7],SP,0.000229,0.999071,0.000198,0.000186,0.000149,0.000151,CS pos: 17-18. Pr: 0.9763,0.9763
GGK07858.1 hypothetical protein GCM10007043_22390 [Calditerricola satsumensis],OTHER,1.0,0.0,0.0,0.0,0.0,0.0,,
RZS95331.1 secreted protein [Cecembia calidifontis],TAT,0.0,0.0,0.0,1.0,0.0,0.0,CS pos: 28-29. Pr: 0.8514,0.8514
ADV60918.1 glycoside hydrolase family 5 [Isosphaera pallida ATCC 43644],SP,0.000185,0.999245,0.000155,0.000166,0.000127,0.000136,CS pos: 19-20. Pr: 0.9819,0.9819
ADV61705.1 glycoside hydrolase family 9 [Isosphaera pallida ATCC 43644],OTHER,0.333378,0.333181,0.333374,2.4e-05,2.4e-05,2.3e-05,,
"PRX00792.1 UNVERIFIED_ORG: mannan endo-1,4-beta-mannosidase [Actinomadura viridilutea]",SP,0.00017,0.999257,0.000145,0.000166,0.000132,0.00013,CS pos: 30-31. Pr: 0.9767,0.9767
PRX01979.1 UNVERIFIED_ORG: glycosyl hydrolase family 6 [Actinomadura viridilutea],SP,0.000265,0.832177,0.1669,0.00028,0.000212,0.000193,CS pos: 37-38. Pr: 0.8102,0.8102
PRX02959.1 UNVERIFIED_ORG: endoglucanase [Actinomadura viridilutea],OTHER,0.833426,0.166429,4.8e-05,3.4e-05,3.6e-05,3.2e-05,,
PRX06196.1 UNVERIFIED_ORG: endoglucanase [Actinomadura viridilutea],SP,0.00034,0.998561,0.00028,0.000326,0.000255,0.000238,CS pos: 34-35. Pr: 0.9647,0.9647
"PRX06239.1 UNVERIFIED_ORG: cellulose 1,4-beta-cellobiosidase [Actinomadura viridilutea]",SP,0.00128,0.99265,0.000793,0.003987,0.000786,0.000528,CS pos: 37-38. Pr: 0.9370,0.937
"PRX06242.1 UNVERIFIED_ORG: cellulose 1,4-beta-cellobiosidase [Actinomadura viridilutea]",SP,0.001107,0.995631,0.000558,0.001819,0.000496,0.000391,CS pos: 32-33. Pr: 0.9630,0.963
KNY25033.1 Cellulase [Pseudobacteroides cellulosolvens ATCC 35603 = DSM 2933],SP,0.000196,0.999153,0.000167,0.000185,0.000143,0.00014,CS pos: 33-34. Pr: 0.9730,0.973
KNY25129.1 glycoside hydrolase family 5 [Pseudobacteroides cellulosolvens ATCC 35603 = DSM 2933],LIPO,9.6e-05,0.499663,0.500054,7.1e-05,6.3e-05,5.9e-05,CS pos: 21-22. Pr: 0.4706,0.4706
KNY25228.1 Cellulase [Pseudobacteroides cellulosolvens ATCC 35603 = DSM 2933],SP,0.000207,0.999132,0.00017,0.000196,0.000153,0.000149,CS pos: 38-39. Pr: 0.9735,0.9735
KNY25262.1 Cellulase [Pseudobacteroides cellulosolvens ATCC 35603 = DSM 2933],SP,0.000174,0.999265,0.000152,0.000158,0.000127,0.000127,CS pos: 24-25. Pr: 0.9743,0.9743
KNY25263.1 Cellulase [Pseudobacteroides cellulosolvens ATCC 35603 = DSM 2933],LIPO,0.253247,0.317048,0.429542,6.4e-05,5.6e-05,5.4e-05,CS pos: 34-35. Pr: 0.4404,0.4404
KNY25264.1 Cellulase [Pseudobacteroides cellulosolvens ATCC 35603 = DSM 2933],SP,0.00021,0.999107,0.000183,0.000203,0.000154,0.000158,CS pos: 39-40. Pr: 0.9722,0.9722
KNY25265.1 Cellulase [Pseudobacteroides cellulosolvens ATCC 35603 = DSM 2933],SP,0.000184,0.999217,0.000156,0.000174,0.00013,0.000138,CS pos: 25-26. Pr: 0.9335,0.9335
KNY25463.1 glycoside hydrolase family 5 [Pseudobacteroides cellulosolvens ATCC 35603 = DSM 2933],SP,0.000195,0.999187,0.000167,0.000179,0.000138,0.000137,CS pos: 31-32. Pr: 0.9722,0.9722
KNY25560.1 Cellulase [Pseudobacteroides cellulosolvens ATCC 35603 = DSM 2933],SP,0.000173,0.999269,0.000154,0.00016,0.000124,0.00013,CS pos: 25-26. Pr: 0.9733,0.9733
KNY25621.1 Cellulase [Pseudobacteroides cellulosolvens ATCC 35603 = DSM 2933],SP,0.000201,0.999155,0.000173,0.000183,0.000143,0.000144,CS pos: 32-33. Pr: 0.9494,0.9494
"KNY25635.1 Cellulose 1,4-beta-cellobiosidase [Pseudobacteroides cellulosolvens ATCC 35603 = DSM 2933]",SP,0.000191,0.999221,0.000163,0.000181,0.000139,0.000143,CS pos: 33-34. Pr: 0.9747,0.9747
"KNY25649.1 Cellulose 1,4-beta-cellobiosidase [Pseudobacteroides cellulosolvens ATCC 35603 = DSM 2933]",OTHER,0.999989,0.0,0.0,0.0,0.0,0.0,,
KNY25731.1 glycoside hydrolase family 5 [Pseudobacteroides cellulosolvens ATCC 35603 = DSM 2933],SP,0.000197,0.999171,0.000169,0.000183,0.000142,0.000141,CS pos: 32-33. Pr: 0.9548,0.9548
KNY25732.1 Cellulase [Pseudobacteroides cellulosolvens ATCC 35603 = DSM 2933],SP,0.000217,0.999099,0.000176,0.0002,0.000158,0.000157,CS pos: 33-34. Pr: 0.7416,0.7416
KNY25842.1 glycoside hydrolase family 9 [Pseudobacteroides cellulosolvens ATCC 35603 = DSM 2933],OTHER,1.0,0.0,0.0,0.0,0.0,0.0,,
"KNY25843.1 Cellulose 1,4-beta-cellobiosidase [Pseudobacteroides cellulosolvens ATCC 35603 = DSM 2933]",SP,0.000776,0.874012,0.124617,0.00022,0.000191,0.000181,CS pos: 32-33. Pr: 0.6090,0.609
"KNY25939.1 Cellulose 1,4-beta-cellobiosidase [Pseudobacteroides cellulosolvens ATCC 35603 = DSM 2933]",SP,0.000199,0.99919,0.000169,0.000173,0.000137,0.000131,CS pos: 31-32. Pr: 0.9757,0.9757
KNY26018.1 Cellulase [Pseudobacteroides cellulosolvens ATCC 35603 = DSM 2933],SP,0.000201,0.999166,0.000172,0.000182,0.00014,0.000141,CS pos: 32-33. Pr: 0.9706,0.9706
KNY26068.1 Cellulase [Pseudobacteroides cellulosolvens ATCC 35603 = DSM 2933],SP,0.000174,0.999244,0.000153,0.000162,0.000131,0.00013,CS pos: 32-33. Pr: 0.9761,0.9761
KNY26223.1 Cellulase [Pseudobacteroides cellulosolvens ATCC 35603 = DSM 2933],SP,0.000298,0.998709,0.000282,0.000278,0.000215,0.000223,CS pos: 35-36. Pr: 0.9459,0.9459
KNY26233.1 glycoside hydrolase family 5 [Pseudobacteroides cellulosolvens ATCC 35603 = DSM 2933],SP,0.000182,0.999221,0.000162,0.000173,0.000138,0.000137,CS pos: 26-27. Pr: 0.9712,0.9712
"KNY26485.1 Glycoside hydrolase, family 44 [Pseudobacteroides cellulosolvens ATCC 35603 = DSM 2933]",SP,0.00018,0.999199,0.000157,0.000176,0.000139,0.000138,CS pos: 28-29. Pr: 0.9763,0.9763
"KNY26506.1 Cellulose 1,4-beta-cellobiosidase [Pseudobacteroides cellulosolvens ATCC 35603 = DSM 2933]",OTHER,1.0,0.0,0.0,0.0,0.0,0.0,,
"KNY26550.1 Glycoside hydrolase, family 44 [Pseudobacteroides cellulosolvens ATCC 35603 = DSM 2933]",SP,0.000234,0.999091,0.000197,0.000192,0.000151,0.00015,CS pos: 31-32. Pr: 0.9579,0.9579
KNY26551.1 Cellulase [Pseudobacteroides cellulosolvens ATCC 35603 = DSM 2933],OTHER,1.0,6e-06,0.0,0.0,0.0,0.0,,
KNY26631.1 Cellulase [Pseudobacteroides cellulosolvens ATCC 35603 = DSM 2933],SP,0.000188,0.999196,0.000163,0.000175,0.000136,0.000141,CS pos: 27-28. Pr: 0.9763,0.9763
KNY26685.1 Cellulase [Pseudobacteroides cellulosolvens ATCC 35603 = DSM 2933],SP,0.000184,0.999205,0.000169,0.000174,0.000138,0.000136,CS pos: 24-25. Pr: 0.9755,0.9755
KNY26737.1 Cellulase [Pseudobacteroides cellulosolvens ATCC 35603 = DSM 2933],SP,0.000191,0.999189,0.000166,0.000181,0.000144,0.000143,CS pos: 33-34. Pr: 0.9677,0.9677
KNY26805.1 hypothetical protein Bccel_2070 [Pseudobacteroides cellulosolvens ATCC 35603 = DSM 2933],OTHER,1.0,0.0,0.0,0.0,0.0,0.0,,
"KNY27223.1 Mannan endo-1,4-beta-mannosidase [Pseudobacteroides cellulosolvens ATCC 35603 = DSM 2933]",SP,0.000193,0.999162,0.000171,0.000169,0.000137,0.000135,CS pos: 26-27. Pr: 0.9765,0.9765
"KNY27224.1 Mannan endo-1,4-beta-mannosidase, Cellulase [Pseudobacteroides cellulosolvens ATCC 35603 = DSM 2933]",SP,0.000184,0.999222,0.000166,0.000165,0.000134,0.00013,CS pos: 26-27. Pr: 0.9758,0.9758
"KNY27286.1 Cellulose 1,4-beta-cellobiosidase [Pseudobacteroides cellulosolvens ATCC 35603 = DSM 2933]",SP,0.000307,0.832171,0.166954,0.000234,0.000187,0.000182,CS pos: 24-25. Pr: 0.8083,0.8083
"KNY27461.1 Cellulose 1,4-beta-cellobiosidase [Pseudobacteroides cellulosolvens ATCC 35603 = DSM 2933]",SP,0.000308,0.665187,0.334075,0.000145,0.000159,0.000139,CS pos: 37-38. Pr: 0.4539,0.4539
"KNY27462.1 Cellulose 1,4-beta-cellobiosidase [Pseudobacteroides cellulosolvens ATCC 35603 = DSM 2933]",SP,0.00092,0.886257,0.112121,0.000255,0.00021,0.000218,CS pos: 42-43. Pr: 0.7581,0.7581
KNY27463.1 glycoside hydrolase family 9 [Pseudobacteroides cellulosolvens ATCC 35603 = DSM 2933],OTHER,1.0,0.0,0.0,0.0,0.0,0.0,,
"KNY27464.1 Cellulose 1,4-beta-cellobiosidase [Pseudobacteroides cellulosolvens ATCC 35603 = DSM 2933]",SP,0.000158,0.999317,0.000144,0.000152,0.000125,0.000121,CS pos: 24-25. Pr: 0.9803,0.9803
"KNY27482.1 Cellulose 1,4-beta-cellobiosidase [Pseudobacteroides cellulosolvens ATCC 35603 = DSM 2933]",SP,0.000218,0.999125,0.000182,0.000201,0.000153,0.000155,CS pos: 34-35. Pr: 0.9736,0.9736
KNY27552.1 Cellulase [Pseudobacteroides cellulosolvens ATCC 35603 = DSM 2933],SP,0.000177,0.999234,0.000157,0.000162,0.000125,0.000127,CS pos: 25-26. Pr: 0.9783,0.9783
"KNY28339.1 Cellulose 1,4-beta-cellobiosidase [Pseudobacteroides cellulosolvens ATCC 35603 = DSM 2933]",SP,0.000207,0.999157,0.000179,0.000184,0.000139,0.000146,CS pos: 24-25. Pr: 0.9764,0.9764
"KNY28340.1 Cellulose 1,4-beta-cellobiosidase [Pseudobacteroides cellulosolvens ATCC 35603 = DSM 2933]",SP,0.000175,0.999234,0.000156,0.000168,0.000129,0.000135,CS pos: 23-24. Pr: 0.9774,0.9774
"KNY28341.1 Cellulose 1,4-beta-cellobiosidase [Pseudobacteroides cellulosolvens ATCC 35603 = DSM 2933]",SP,0.000192,0.999185,0.000174,0.000182,0.000141,0.000145,CS pos: 24-25. Pr: 0.9764,0.9764
"KNY28342.1 Cellulose 1,4-beta-cellobiosidase [Pseudobacteroides cellulosolvens ATCC 35603 = DSM 2933]",SP,0.000165,0.83266,0.166808,0.000155,0.000122,0.000123,CS pos: 24-25. Pr: 0.8144,0.8144
"KNY28343.1 Cellulose 1,4-beta-cellobiosidase [Pseudobacteroides cellulosolvens ATCC 35603 = DSM 2933]",OTHER,0.999997,0.0,0.0,0.0,0.0,0.0,,
"KNY28344.1 Cellulose 1,4-beta-cellobiosidase [Pseudobacteroides cellulosolvens ATCC 35603 = DSM 2933]",SP,0.000177,0.665931,0.333543,0.000121,0.000121,0.000106,CS pos: 23-24. Pr: 0.6286,0.6286
KNY28539.1 Cellulase [Pseudobacteroides cellulosolvens ATCC 35603 = DSM 2933],SP,0.000318,0.998988,0.000191,0.000209,0.000155,0.000167,CS pos: 19-20. Pr: 0.9617,0.9617
"KNY28560.1 Cellulose 1,4-beta-cellobiosidase [Pseudobacteroides cellulosolvens ATCC 35603 = DSM 2933]",SP,0.000172,0.999249,0.000148,0.000164,0.000126,0.000131,CS pos: 24-25. Pr: 0.9789,0.9789
KNY28669.1 glycoside hydrolase family 5 [Pseudobacteroides cellulosolvens ATCC 35603 = DSM 2933],SP,0.000179,0.832598,0.166821,0.000163,0.000131,0.000124,CS pos: 32-33. Pr: 0.8047,0.8047
KNY28737.1 Cellulase [Pseudobacteroides cellulosolvens ATCC 35603 = DSM 2933],OTHER,1.0,0.0,0.0,0.0,0.0,0.0,,
KNY28917.1 glycoside hydrolase family 5 [Pseudobacteroides cellulosolvens ATCC 35603 = DSM 2933],OTHER,0.99998,1.7e-05,0.0,0.0,0.0,0.0,,
KNY29224.1 glycoside hydrolase family 5 [Pseudobacteroides cellulosolvens ATCC 35603 = DSM 2933],OTHER,1.0,0.0,0.0,0.0,0.0,0.0,,
"KNY29444.1 Cellulose 1,4-beta-cellobiosidase [Pseudobacteroides cellulosolvens ATCC 35603 = DSM 2933]",SP,0.000189,0.999247,0.000155,0.000162,0.000132,0.000126,CS pos: 26-27. Pr: 0.9644,0.9644
"KNY29859.1 Cellulose 1,4-beta-cellobiosidase [Pseudobacteroides cellulosolvens ATCC 35603 = DSM 2933]",SP,0.000166,0.832637,0.166813,0.000157,0.000124,0.000115,CS pos: 29-30. Pr: 0.8091,0.8091
KNY29912.1 Cellulase [Pseudobacteroides cellulosolvens ATCC 35603 = DSM 2933],SP,0.000204,0.999175,0.000171,0.00019,0.00015,0.000143,CS pos: 38-39. Pr: 0.9750,0.975
"KNY29939.1 Cellulose 1,4-beta-cellobiosidase [Pseudobacteroides cellulosolvens ATCC 35603 = DSM 2933]",SP,0.000253,0.999214,0.000155,0.000152,0.000124,0.000122,CS pos: 24-25. Pr: 0.9814,0.9814
KNY30231.1 Cellulase [Pseudobacteroides cellulosolvens ATCC 35603 = DSM 2933],SP,0.000208,0.999121,0.000184,0.000193,0.000157,0.000148,CS pos: 35-36. Pr: 0.9699,0.9699
"KNY30307.1 Cellulose 1,4-beta-cellobiosidase [Pseudobacteroides cellulosolvens ATCC 35603 = DSM 2933]",LIPO,0.007884,0.491972,0.500033,5.2e-05,4.2e-05,4.1e-05,CS pos: 21-22. Pr: 0.4458,0.4458
"QEK78526.1 1,4-beta-glucanase [Pyrococcus furiosus DSM 3638]",OTHER,0.667323,0.332434,9e-05,6.8e-05,5.7e-05,5.5e-05,,
EMA59581.1 hypothetical protein C469_09666 [Halorubrum lipolyticum DSM 21995],OTHER,1.0,0.0,0.0,0.0,0.0,0.0,,
SJZ60874.1 hypothetical protein SAMN02745885_00381 [Carboxydocella sporoproducens DSM 16521],OTHER,1.0,0.0,0.0,0.0,0.0,0.0,,
MFC7442781.1 cellulase family glycosylhydrolase [Laceyella putida],SP,0.000183,0.999209,0.000158,0.000181,0.000137,0.000134,CS pos: 30-31. Pr: 0.9717,0.9717
PPS39583.1 hypothetical protein B1A85_22055 [Chroococcidiopsis sp. TS-821],SP,0.157899,0.841113,0.000285,0.000278,0.000219,0.000199,CS pos: 40-41. Pr: 0.9047,0.9047
PPS41468.1 glycoside hydrolase [Chroococcidiopsis sp. TS-821],OTHER,0.870037,0.129948,0.0,0.0,0.0,0.0,,
PPS43414.1 cellulase [Chroococcidiopsis sp. TS-821],TAT,0.0,0.0,0.0,0.996118,0.003887,0.0,CS pos: 34-35. Pr: 0.9312,0.9312
PPS44720.1 endoglucanase [Chroococcidiopsis sp. TS-821],OTHER,0.506276,0.492833,0.000266,0.000246,0.000199,0.000182,,
PPS45539.1 hypothetical protein B1A85_04635 [Chroococcidiopsis sp. TS-821],OTHER,1.0,0.0,0.0,0.0,0.0,0.0,,
ABU56316.1 glycoside hydrolase family 5 [Roseiflexus castenholzii DSM 13941],TATLIPO,0.0,0.0,0.001291,0.0,0.998723,0.0,CS pos: 20-21. Pr: 0.8282,0.8282
"ABE50281.1 glycoside hydrolase, family 5 [Methylobacillus flagellatus KT]",SP,0.000264,0.832295,0.166897,0.000218,0.000173,0.000183,CS pos: 24-25. Pr: 0.8088,0.8088
PZX64826.1 endoglucanase [Hydrotalea sandarakina],SP,0.000187,0.99918,0.000173,0.000173,0.000139,0.000141,CS pos: 21-22. Pr: 0.9778,0.9778
"ADN01239.1 glycoside hydrolase, family 9 [Spirochaeta thermophila DSM 6192]",OTHER,1.0,0.0,0.0,0.0,0.0,0.0,,
"ADN01378.1 glycosyl hydrolase family 12 protein, TPS linker, domain X [Spirochaeta thermophila DSM 6192]",LIPO,3e-05,0.166583,0.833391,1.6e-05,1.4e-05,1.5e-05,CS pos: 20-21. Pr: 0.8289,0.8289
ADN01668.1 endoglucanase [Spirochaeta thermophila DSM 6192],OTHER,1.0,0.0,0.0,0.0,0.0,0.0,,
"ADN02189.1 putative cellulase, glycosyl hydrolase family 5 [Spirochaeta thermophila DSM 6192]",LIPO,0.0,0.0,1.0,0.0,0.0,0.0,CS pos: 20-21. Pr: 0.9185,0.9185
"ADN02392.1 endo-1-4-beta glucanase, glycosyl hydrolase family 5 [Spirochaeta thermophila DSM 6192]",OTHER,0.834404,0.165373,8.4e-05,6e-05,4.9e-05,4.4e-05,,
ADN02583.1 cellodextrinase [Spirochaeta thermophila DSM 6192],LIPO,9.2e-05,0.374168,0.625522,8e-05,5.9e-05,6.6e-05,CS pos: 20-21. Pr: 0.6182,0.6182
ADN02996.1 glycosyl hydrolase family 5 cellulase CBM64 [Spirochaeta thermophila DSM 6192],LIPO,3.1e-05,0.333409,0.666494,1.8e-05,1.7e-05,1.7e-05,CS pos: 19-20. Pr: 0.6138,0.6138
"ADN02997.1 glycoside hydrolase family 9, CBM3, linker, domain X [Spirochaeta thermophila DSM 6192]",LIPO,0.0,0.0,1.0,0.0,0.0,0.0,CS pos: 22-23. Pr: 0.9976,0.9976
"ADN02998.1 glycoside hydrolase family 9, CBM3, linker, domain X [Spirochaeta thermophila DSM 6192]",LIPO,0.0,0.0,1.0,0.0,0.0,0.0,CS pos: 20-21. Pr: 0.9939,0.9939
"SEQ73461.1 Aryl-phospho-beta-D-glucosidase BglC, GH1 family [Natrinema salaciae]",TAT,0.0,0.0,0.0,0.938102,0.061914,0.0,CS pos: 47-48. Pr: 0.8905,0.8905
SEQ73665.1 Cellulase (glycosyl hydrolase family 5) [Natrinema salaciae],TAT,0.0,0.0,0.0,0.998914,0.00109,0.0,CS pos: 50-51. Pr: 0.9297,0.9297
SEQ73759.1 Cellulase (glycosyl hydrolase family 5) [Natrinema salaciae],TAT,0.0,0.0,0.0,0.833353,0.166664,0.0,CS pos: 67-68. Pr: 0.7610,0.761
SEQ73901.1 Cellulase (glycosyl hydrolase family 5) [Natrinema salaciae],SP,0.00021,0.999102,0.000178,0.000186,0.000153,0.000153,CS pos: 23-24. Pr: 0.9701,0.9701
SEQ80069.1 Glycosyl hydrolase family 12 [Natrinema salaciae],TAT,0.166669,0.0,0.0,0.666506,0.166829,0.0,CS pos: 69-70. Pr: 0.3785,0.3785
CRZ33667.1 Endoglucanase C307 [Herbinix hemicellulosilytica],OTHER,0.999999,0.0,0.0,0.0,0.0,0.0,,
CRZ35393.1 Endoglucanase Z [Herbinix hemicellulosilytica],SP,0.00019,0.999203,0.000165,0.000173,0.000136,0.000135,CS pos: 27-28. Pr: 0.9600,0.96
CRZ35394.1 Exoglucanase-2 [Herbinix hemicellulosilytica],SP,0.000208,0.999174,0.000167,0.000181,0.000138,0.000135,CS pos: 36-37. Pr: 0.9718,0.9718
CRZ35717.1 Endoglucanase E [Herbinix hemicellulosilytica],LIPO,0.0,0.0,1.0,0.0,0.0,0.0,CS pos: 22-23. Pr: 0.9970,0.997
WNF33670.1 glycoside hydrolase family 1 protein [Aeribacillus composti],OTHER,1.0,0.0,0.0,0.0,0.0,0.0,,
WNF34553.1 thioredoxin domain-containing protein [Aeribacillus composti],OTHER,0.999998,0.0,0.0,0.0,0.0,0.0,,
MBA2872297.1 hypothetical protein HNQ85_002606 [Anoxybacillus calidus],OTHER,1.0,0.0,0.0,0.0,0.0,0.0,,
MBM7556745.1 aryl-phospho-beta-D-glucosidase BglC (GH1 family) [Halanaerobacter jeridensis],OTHER,0.999998,0.0,0.0,0.0,0.0,0.0,,
OYD07033.1 endoglucanase [Paludifilum halophilum],SP,0.000196,0.999166,0.00018,0.000177,0.000143,0.000145,CS pos: 31-32. Pr: 0.9688,0.9688
"ORA20077.1 1,4-beta-glucanase [Mycobacterium arosiense ATCC BAA-1401 = DSM 45069]",SP,0.144929,0.853783,0.000377,0.000349,0.000283,0.000273,CS pos: 34-35. Pr: 0.8067,0.8067
ADQ39606.1 type 3a cellulose-binding domain protein [Caldicellulosiruptor acetigenus I77R1B],SP,0.000351,0.998866,0.000254,0.000225,0.00018,0.000164,CS pos: 31-32. Pr: 0.9721,0.9721
ADQ39796.1 glycoside hydrolase family 5 [Caldicellulosiruptor acetigenus I77R1B],OTHER,0.999997,0.0,0.0,0.0,0.0,0.0,,
ADQ41479.1 glycoside hydrolase family 5 [Caldicellulosiruptor acetigenus I77R1B],SP,0.084072,0.914938,0.000296,0.000287,0.000224,0.000213,CS pos: 29-30. Pr: 0.7595,0.7595
ADQ41951.1 Cellulase [Caldicellulosiruptor acetigenus I77R1B],SP,0.002783,0.996635,0.000155,0.000169,0.000132,0.000133,CS pos: 30-31. Pr: 0.9641,0.9641
AUG56050.1 Beta-mannanase/endoglucanase A precursor [Acetivibrio saccincola],SP,0.000185,0.999217,0.00016,0.000172,0.000138,0.000132,CS pos: 26-27. Pr: 0.9775,0.9775
AUG56471.1 Endoglucanase 1 precursor [Acetivibrio saccincola],SP,0.000185,0.999235,0.000156,0.000167,0.00013,0.000128,CS pos: 28-29. Pr: 0.9732,0.9732
AUG56624.1 Endoglucanase E1 precursor [Acetivibrio saccincola],SP,0.000181,0.999235,0.000155,0.000169,0.00013,0.000131,CS pos: 30-31. Pr: 0.9689,0.9689
AUG56787.1 Endoglucanase G precursor [Acetivibrio saccincola],SP,0.000162,0.999335,0.000141,0.000148,0.000117,0.000118,CS pos: 24-25. Pr: 0.9751,0.9751
AUG56788.1 Endoglucanase 1 precursor [Acetivibrio saccincola],SP,0.000192,0.999208,0.00016,0.000171,0.000137,0.000133,CS pos: 30-31. Pr: 0.9777,0.9777
AUG56926.1 Endoglucanase 1 precursor [Acetivibrio saccincola],SP,0.166915,0.832382,0.00021,0.000198,0.000165,0.000154,CS pos: 33-34. Pr: 0.6470,0.647
AUG57322.1 Endoglucanase E1 precursor [Acetivibrio saccincola],SP,0.000195,0.999155,0.00017,0.000185,0.000145,0.000143,CS pos: 29-30. Pr: 0.9695,0.9695
AUG57328.1 Endoglucanase Z precursor [Acetivibrio saccincola],SP,0.000205,0.999148,0.00018,0.000178,0.000144,0.000138,CS pos: 26-27. Pr: 0.9525,0.9525
AUG57358.1 Endoglucanase 1 precursor [Acetivibrio saccincola],SP,0.000174,0.999254,0.000152,0.000153,0.000124,0.000122,CS pos: 26-27. Pr: 0.9757,0.9757
"AUG57501.1 Cellulose 1,4-beta-cellobiosidase precursor [Acetivibrio saccincola]",SP,0.000217,0.999122,0.000188,0.000182,0.000146,0.000142,CS pos: 25-26. Pr: 0.9771,0.9771
AUG57562.1 Endoglucanase 1 precursor [Acetivibrio saccincola],SP,0.000205,0.999151,0.000172,0.000181,0.000146,0.000145,CS pos: 38-39. Pr: 0.9693,0.9693
AUG57784.1 Endoglucanase 1 precursor [Acetivibrio saccincola],SP,0.000178,0.999254,0.000159,0.000169,0.00013,0.000135,CS pos: 26-27. Pr: 0.9754,0.9754
AUG57808.1 Endoglucanase 1 precursor [Acetivibrio saccincola],SP,0.000211,0.999133,0.000174,0.000183,0.000145,0.000145,CS pos: 35-36. Pr: 0.9612,0.9612
AUG57819.1 Endoglucanase E precursor [Acetivibrio saccincola],SP,0.000285,0.998776,0.000298,0.000243,0.000199,0.0002,CS pos: 31-32. Pr: 0.9547,0.9547
"AUG58129.1 Cellulose 1,4-beta-cellobiosidase precursor [Acetivibrio saccincola]",SP,0.000219,0.999134,0.000178,0.00019,0.000147,0.000144,CS pos: 24-25. Pr: 0.9747,0.9747
AUG58357.1 Endoglucanase 5A [Acetivibrio saccincola],SP,0.000168,0.999293,0.000145,0.000155,0.000124,0.00012,CS pos: 33-34. Pr: 0.9747,0.9747
AUG58400.1 Endoglucanase 1 precursor [Acetivibrio saccincola],SP,0.00018,0.999253,0.000151,0.00016,0.000129,0.000128,CS pos: 31-32. Pr: 0.9709,0.9709
AUG58665.1 Endoglucanase 1 precursor [Acetivibrio saccincola],OTHER,1.0,0.0,0.0,0.0,0.0,0.0,,
AUG58721.1 Endoglucanase precursor [Acetivibrio saccincola],OTHER,1.0,0.0,0.0,0.0,0.0,0.0,,
"AUG58811.1 Cellulose 1,4-beta-cellobiosidase (reducing end) CelS precursor [Acetivibrio saccincola]",SP,0.000195,0.999198,0.000168,0.000169,0.00014,0.000139,CS pos: 27-28. Pr: 0.9718,0.9718
"SMO31941.1 mannan endo-1,4-beta-mannosidase [Melghirimyces algeriensis]",SP,0.000181,0.999217,0.000165,0.000166,0.000133,0.000132,CS pos: 28-29. Pr: 0.9770,0.977
SCL47670.1 endoglucanase [Micromonospora chersina],SP,0.000281,0.832177,0.000212,0.166944,0.000222,0.000185,CS pos: 34-35. Pr: 0.8065,0.8065
SCL50147.1 endoglucanase [Micromonospora chersina],SP,0.00036,0.998394,0.000318,0.000382,0.000297,0.000267,CS pos: 36-37. Pr: 0.9544,0.9544
SCL52025.1 endoglucanase [Micromonospora chersina],TAT,0.0,0.0,0.0,1.0,0.0,0.0,CS pos: 36-37. Pr: 0.9175,0.9175
SCL54748.1 Carbohydrate binding domain-containing protein [Micromonospora chersina],SP,0.00027,0.998774,0.000234,0.000272,0.00023,0.000219,CS pos: 29-30. Pr: 0.9636,0.9636
"SCL56707.1 mannan endo-1,4-beta-mannosidase [Micromonospora chersina]",SP,0.000164,0.999273,0.000145,0.00016,0.000123,0.000127,CS pos: 28-29. Pr: 0.9770,0.977
SCL56928.1 processive endocellulase [Micromonospora chersina],SP,0.000424,0.998331,0.000318,0.00038,0.000308,0.000247,CS pos: 43-44. Pr: 0.9635,0.9635
SCL57588.1 endoglucanase [Micromonospora chersina],SP,0.000196,0.665993,0.000168,0.333315,0.000167,0.000152,CS pos: 34-35. Pr: 0.6440,0.644
SCL59508.1 Cellulose binding domain-containing protein [Micromonospora chersina],SP,0.000227,0.999013,0.000195,0.000234,0.000179,0.000173,CS pos: 30-31. Pr: 0.9670,0.967
SCL69503.1 Cellulase/cellobiase CelA1 [Micromonospora chersina],SP,0.000803,0.997387,0.000458,0.000665,0.000391,0.000328,CS pos: 37-38. Pr: 0.9671,0.9671
"SCL71812.1 cellulose 1,4-beta-cellobiosidase [Micromonospora chersina]",SP,0.000849,0.99762,0.000445,0.000467,0.000328,0.000293,CS pos: 21-22. Pr: 0.9629,0.9629
"ADB86136.1 cellulase (endo 1,4 beta glucanase), putative [Saccharolobus islandicus L.D.8.5]",OTHER,0.573898,0.424855,0.000551,0.00026,0.000252,0.000229,,
ADB86610.1 hypothetical protein LD85_0905 [Saccharolobus islandicus L.D.8.5],OTHER,0.737695,0.262034,9.7e-05,7.6e-05,6.3e-05,6.2e-05,,
SMC20740.1 hypothetical protein SAMN02746041_01004 [Desulfacinum hydrothermale DSM 13146],OTHER,1.0,0.0,0.0,0.0,0.0,0.0,,
XEY04582.1 glycoside hydrolase family 5 protein [Fervidobacterium gondwanense],LIPO,2.1e-05,0.060921,0.939038,1.3e-05,1.1e-05,1.1e-05,CS pos: 24-25. Pr: 0.9149,0.9149
"AFL66263.1 Arabinogalactan endo-1,4-beta-galactosidase [Desulfurococcus amylolyticus DSM 16532]",SP,0.000226,0.999107,0.000177,0.000197,0.000153,0.000148,CS pos: 29-30. Pr: 0.9818,0.9818
AAM23368.1 conserved hypothetical protein [Caldanaerobacter subterraneus subsp. tengcongensis MB4]_2,OTHER,1.0,0.0,0.0,0.0,0.0,0.0,,
"ADL19791.1 Endo-beta 1,4-glucanase [Acidilobus saccharovorans 345-15]",OTHER,1.0,0.0,0.0,0.0,0.0,0.0,,
"ADL19820.1 Endo-beta 1,4-glucanase [Acidilobus saccharovorans 345-15]",OTHER,1.0,0.0,0.0,0.0,0.0,0.0,,
MFD1673830.1 hypothetical protein ACFSB2_03790 [Alicyclobacillus fodiniaquatilis],SP,0.000186,0.999215,0.000158,0.000172,0.000139,0.000133,CS pos: 23-24. Pr: 0.9787,0.9787
MFD1678098.1 glycoside hydrolase family 44 protein [Alicyclobacillus fodiniaquatilis],SP,0.000218,0.999054,0.000184,0.000211,0.00017,0.000164,CS pos: 32-33. Pr: 0.9737,0.9737
ACL26277.1 glycoside hydrolase family 9 [Chloroflexus aggregans DSM 9485],OTHER,0.850389,0.149327,6.6e-05,0.0001,6.3e-05,7e-05,,
QLH77149.1 cellulase family glycosylhydrolase [Halosimplex rubrum],TAT,0.0,0.0,0.0,0.9895,0.010497,0.0,CS pos: 56-57. Pr: 0.9053,0.9053
QLH77150.1 cellulase family glycosylhydrolase [Halosimplex rubrum],TAT,0.0,0.0,0.0,0.835212,0.164796,0.0,CS pos: 54-55. Pr: 0.7602,0.7602
QLH77151.1 hypothetical protein HZS55_07510 [Halosimplex rubrum],TAT,0.0,0.0,0.0,0.833476,0.16654,0.0,CS pos: 67-68. Pr: 0.7506,0.7506
QLH77152.1 fibronectin type III domain-containing protein [Halosimplex rubrum],TAT,0.0,0.0,0.0,0.666709,0.333331,0.0,CS pos: 50-51. Pr: 0.6007,0.6007
QLH77210.1 cellulase family glycosylhydrolase [Halosimplex rubrum],TAT,0.0,0.0,0.0,0.934504,0.06551,0.0,CS pos: 49-50. Pr: 0.8796,0.8796
QLH78823.1 glycoside hydrolase family 9 protein [Halosimplex rubrum],OTHER,1.0,0.0,0.0,0.0,0.0,0.0,,
QLH79797.1 cellulase family glycosylhydrolase [Halosimplex rubrum],OTHER,1.0,0.0,0.0,0.0,0.0,0.0,,
ADN50982.1 glycoside hydrolase family 12 [Vulcanisaeta distributa DSM 14429],OTHER,1.0,0.0,0.0,0.0,0.0,0.0,,
OAA29162.1 hypothetical protein AT15_04005 [Kosmotoga arenicorallina S304],SP,0.000228,0.999078,0.000198,0.000191,0.000156,0.00016,CS pos: 19-20. Pr: 0.9658,0.9658
SHN33535.1 endoglucanase [Gracilibacillus kekensis],SP,0.061043,0.938145,0.000228,0.000237,0.000181,0.000173,CS pos: 31-32. Pr: 0.9304,0.9304
BES81017.1 hypothetical protein PABY_05840 [Pyrodictium abyssi],OTHER,1.0,0.0,0.0,0.0,0.0,0.0,,
AGE71770.1 hypothetical protein SacN8_09050 [Sulfolobus acidocaldarius N8],OTHER,1.0,0.0,0.0,0.0,0.0,0.0,,
"MBP2071438.1 endo-1,4-beta-mannosidase [Thermoanaerobacterium butyriciformans]",OTHER,1.0,0.0,0.0,0.0,0.0,0.0,,
MBP2071443.1 aryl-phospho-beta-D-glucosidase BglC (GH1 family) [Thermoanaerobacterium butyriciformans],OTHER,1.0,0.0,0.0,0.0,0.0,0.0,,
SIS52809.1 non-processive endocellulase [Alicyclobacillus vulcanalis],OTHER,0.999274,0.000705,3.4e-05,0.0,0.0,0.0,,
MFC4075870.1 glycoside hydrolase family 5 protein [Salinithrix halophila],OTHER,1.0,0.0,0.0,0.0,0.0,0.0,,
UWP16699.1 cellulase family glycosylhydrolase [Coprococcus eutactus],OTHER,1.0,0.0,0.0,0.0,0.0,0.0,,
UWP16928.1 glycoside hydrolase family 9 protein [Coprococcus eutactus],LIPO,0.0,0.0,1.0,0.0,0.0,0.0,CS pos: 23-24. Pr: 0.9953,0.9953
UWP17131.1 glycoside hydrolase family 5 protein [Coprococcus eutactus],SP,0.000345,0.998963,0.000191,0.00021,0.000157,0.000154,CS pos: 34-35. Pr: 0.8275,0.8275
UWP17182.1 glycoside hydrolase family 5 protein [Coprococcus eutactus],OTHER,0.999947,7.1e-05,0.0,0.0,0.0,0.0,,
UWP18152.1 glycoside hydrolase family 9 protein [Coprococcus eutactus],SP,0.000201,0.99915,0.000175,0.000179,0.000143,0.000137,CS pos: 32-33. Pr: 0.9731,0.9731
UWP18189.1 cellulase family glycosylhydrolase [Coprococcus eutactus],OTHER,0.994869,0.005113,3e-06,2e-06,2e-06,2e-06,,
CEP78490.1 cellulase [Defluviitoga tunisiensis],SP,0.000213,0.842308,0.156991,0.000173,0.000152,0.000148,CS pos: 22-23. Pr: 0.6564,0.6564
AEV67086.1 endoglucanase [Acetivibrio clariflavus DSM 19732],SP,0.000219,0.999087,0.000189,0.0002,0.000162,0.000156,CS pos: 31-32. Pr: 0.9707,0.9707
"AEV67733.1 Cellulose binding domain-containing protein,dockerin-like protein [Acetivibrio clariflavus DSM 19732]",SP,0.000176,0.999263,0.000154,0.000161,0.000125,0.000127,CS pos: 25-26. Pr: 0.9778,0.9778
AEV67797.1 endoglucanase [Acetivibrio clariflavus DSM 19732],SP,0.000205,0.999163,0.000169,0.000193,0.000147,0.000143,CS pos: 38-39. Pr: 0.9740,0.974
AEV68200.1 PDK repeat-containing protein [Acetivibrio clariflavus DSM 19732],SP,0.000199,0.999135,0.000176,0.000186,0.000151,0.000147,CS pos: 29-30. Pr: 0.9861,0.9861
"AEV68202.1 Cellulose binding domain-containing protein,dockerin-like protein [Acetivibrio clariflavus DSM 19732]",SP,0.00025,0.998935,0.000198,0.000295,0.000181,0.000173,CS pos: 37-38. Pr: 0.9738,0.9738
AEV68203.1 thioredoxin domain protein [Acetivibrio clariflavus DSM 19732],SP,0.000175,0.99924,0.000155,0.000159,0.000127,0.000126,CS pos: 24-25. Pr: 0.9734,0.9734
AEV68415.1 dockerin-like protein [Acetivibrio clariflavus DSM 19732],SP,0.000216,0.999086,0.000177,0.000199,0.000154,0.000156,CS pos: 35-36. Pr: 0.9739,0.9739
"AEV68472.1 Cellulose binding domain-containing protein,dockerin-like protein [Acetivibrio clariflavus DSM 19732]",SP,0.000193,0.999175,0.000163,0.000186,0.000141,0.000137,CS pos: 33-34. Pr: 0.9724,0.9724
AEV68577.1 dockerin-like protein [Acetivibrio clariflavus DSM 19732],SP,0.000191,0.999193,0.000161,0.00018,0.000137,0.000141,CS pos: 34-35. Pr: 0.9737,0.9737
AEV68583.1 endoglucanase [Acetivibrio clariflavus DSM 19732],SP,0.000177,0.999261,0.000154,0.000163,0.000129,0.000128,CS pos: 27-28. Pr: 0.9713,0.9713
"AEV69539.1 Cellulose binding domain-containing protein,dockerin-like protein [Acetivibrio clariflavus DSM 19732]",SP,0.000219,0.999154,0.000174,0.000184,0.000143,0.000138,CS pos: 33-34. Pr: 0.9774,0.9774
AEV69564.1 dockerin-like protein [Acetivibrio clariflavus DSM 19732],SP,0.000193,0.999206,0.000166,0.000168,0.000133,0.000129,CS pos: 26-27. Pr: 0.9773,0.9773
AEV69573.1 Cellulose binding domain-containing protein [Acetivibrio clariflavus DSM 19732],OTHER,1.0,0.0,0.0,0.0,0.0,0.0,,
AEV69768.1 thioredoxin domain protein [Acetivibrio clariflavus DSM 19732],SP,0.000214,0.999124,0.000176,0.000196,0.000156,0.000148,CS pos: 38-39. Pr: 0.9745,0.9745
AEV69770.1 dockerin-like protein [Acetivibrio clariflavus DSM 19732],SP,0.000181,0.999242,0.000159,0.000166,0.000132,0.000133,CS pos: 27-28. Pr: 0.9741,0.9741
"AEV70357.1 putative carbohydrate binding protein,dockerin-like protein [Acetivibrio clariflavus DSM 19732]",SP,0.000193,0.999189,0.000164,0.000182,0.000137,0.000146,CS pos: 35-36. Pr: 0.9732,0.9732
AEV70372.1 endoglucanase [Acetivibrio clariflavus DSM 19732],SP,0.000268,0.951017,0.048109,0.000244,0.000198,0.000207,CS pos: 31-32. Pr: 0.9152,0.9152
XTU89123.1 GH12 family glycosyl hydrolase domain-containing protein [Pyrococcus woesei],OTHER,0.667323,0.332434,9e-05,6.8e-05,5.7e-05,5.5e-05,,
RQG94244.1 glycoside hydrolase [Natrarchaeobius chitinivorans],OTHER,0.999994,0.0,0.0,0.0,0.0,0.0,,
"AEA12777.1 endo-1,4-beta-glucanase [Thermoproteus uzoniensis 768-20]",OTHER,0.999649,0.000348,0.0,0.0,0.0,0.0,,
AGC68873.1 endoglucanase Z [Thermoclostridium stercorarium subsp. stercorarium DSM 8532],SP,0.0002,0.999143,0.000166,0.000179,0.000139,0.000137,CS pos: 27-28. Pr: 0.9220,0.922
AGC68874.1 exoglucanase-2 [Thermoclostridium stercorarium subsp. stercorarium DSM 8532],SP,0.047193,0.951982,0.000242,0.000232,0.000172,0.000173,CS pos: 34-35. Pr: 0.9512,0.9512
POZ93100.1 hypothetical protein AA81_03605 [Petrotoga halophila DSM 16923],SP,0.000187,0.999194,0.000172,0.000158,0.000138,0.000134,CS pos: 21-22. Pr: 0.9749,0.9749
SNT74067.1 N-terminal ig-like domain of cellulase [Amphiplicatus metriothermophilus],SP,0.000242,0.999006,0.000217,0.000217,0.000172,0.000171,CS pos: 22-23. Pr: 0.9456,0.9456
"SNT74575.1 cellulose 1,4-beta-cellobiosidase [Amphiplicatus metriothermophilus]",SP,0.000276,0.998814,0.000213,0.000263,0.000211,0.000221,CS pos: 23-24. Pr: 0.9283,0.9283
MGF7013116.1 hypothetical protein HNR27_000444 [Ornithinibacillus bavariensis],OTHER,1.0,0.0,0.0,0.0,0.0,0.0,,
TDY42593.1 cellulase (glycosyl hydrolase family 5) [Alicyclobacillus sacchari],OTHER,1.0,0.0,0.0,0.0,0.0,0.0,,
TDY51403.1 non-processive endocellulase [Alicyclobacillus sacchari],OTHER,1.0,0.0,0.0,0.0,0.0,0.0,,
CCW34506.1 Glycoside hydrolase family 44 [Chthonomonas calidirosea T49],TAT,0.0,0.0,0.0,0.831811,0.168202,0.0,CS pos: 39-40. Pr: 0.6398,0.6398
CCW36053.1 Endoglucanase [Chthonomonas calidirosea T49],TAT,0.0,0.0,0.0,0.638493,0.361502,0.0,CS pos: 29-30. Pr: 0.5651,0.5651
MBA9001589.1 hypothetical protein HNR21_000471 [Actinomadura cellulosilytica],OTHER,0.999999,0.0,0.0,0.0,0.0,0.0,,
MBA9001602.1 endoglucanase [Actinomadura cellulosilytica],SP,0.000186,0.999198,0.000155,0.000184,0.000136,0.000148,CS pos: 25-26. Pr: 0.9791,0.9791
MBA9001608.1 plastocyanin [Actinomadura cellulosilytica],SP,0.000621,0.99828,0.000318,0.000326,0.000249,0.000227,CS pos: 33-34. Pr: 0.9710,0.971
"MBA9001610.1 cellulose 1,4-beta-cellobiosidase [Actinomadura cellulosilytica]",SP,0.000377,0.801413,0.000269,0.197455,0.000269,0.000227,CS pos: 45-46. Pr: 0.8100,0.81
MBA9004146.1 hypothetical protein HNR21_003028 [Actinomadura cellulosilytica],SP,0.000192,0.999211,0.000162,0.000174,0.000132,0.000133,CS pos: 31-32. Pr: 0.9700,0.97
MBA9004582.1 endoglucanase [Actinomadura cellulosilytica],SP,0.000251,0.99892,0.00021,0.000248,0.000187,0.000186,CS pos: 32-33. Pr: 0.9701,0.9701
"MBA9005569.1 mannan endo-1,4-beta-mannosidase [Actinomadura cellulosilytica]",SP,0.000169,0.999246,0.000145,0.000167,0.000129,0.000132,CS pos: 25-26. Pr: 0.9777,0.9777
PNR98600.1 endoglucanase [Petrotoga olearia DSM 13574],SP,0.040263,0.657636,0.301656,0.000181,0.000144,0.000133,CS pos: 21-22. Pr: 0.4083,0.4083
ADG05167.1 protein of unknown function DUF255 [Kyrpidia tusciae DSM 2912],OTHER,1.0,0.0,0.0,0.0,0.0,0.0,,
QXJ40415.1 Cellobiose 2-epimerase [Parageobacillus caldoxylosilyticus],OTHER,1.0,0.0,0.0,0.0,0.0,0.0,,
QPA33130.1 thioredoxin domain-containing protein [Anoxybacillus caldiproteolyticus],OTHER,1.0,0.0,0.0,0.0,0.0,0.0,,
ADD08340.1 glycoside hydrolase family 1 [Aciduliprofundum boonei T469],OTHER,1.0,0.0,0.0,0.0,0.0,0.0,,
ADD09279.1 glycoside hydrolase family 5 [Aciduliprofundum boonei T469],OTHER,0.999918,0.000112,0.0,0.0,0.0,0.0,,
EHM10884.1 endoglucanase [Thermanaerovibrio velox DSM 12556],OTHER,0.999987,0.0,0.0,0.0,0.0,0.0,,
SET67401.1 Hemolysin-type calcium-binding repeat-containing protein [Oceanicella actignis],OTHER,1.0,0.0,0.0,0.0,0.0,0.0,,
AZR73456.1 hypothetical protein BBF96_08710 [Anoxybacter fermentans],OTHER,1.0,0.0,0.0,0.0,0.0,0.0,,
AIF69907.1 hypothetical protein PAP_07590 [Palaeococcus pacificus DY20341],LIPO,0.0,0.0,1.0,0.0,0.0,0.0,CS pos: 19-20. Pr: 0.9955,0.9955
BDG17649.1 hypothetical protein TbrSNM41_23830 (plasmid) [Thermus brockianus],OTHER,1.0,0.0,0.0,0.0,0.0,0.0,,
AAZ54658.1 cellobiohydrolase. Glycosyl Hydrolase family 6 [Thermobifida fusca YX],SP,0.00153,0.57022,0.000565,0.426508,0.000749,0.000409,CS pos: 38-39. Pr: 0.5511,0.5511
"AAZ54938.1 Mannan endo-1,4-beta-mannosidase. Glycosyl Hydrolase family 5 [Thermobifida fusca YX]",SP,0.000171,0.99927,0.00015,0.000164,0.000127,0.000131,CS pos: 28-29. Pr: 0.9767,0.9767
AAZ55112.1 endoglucanase. Glycosyl Hydrolase family 6 [Thermobifida fusca YX],SP,0.000219,0.998995,0.000193,0.000228,0.000184,0.000175,CS pos: 31-32. Pr: 0.9705,0.9705
"AAZ55662.1 cellulose 1,4-beta-cellobiosidase / endoglucanase. Glycosyl Hydrolase family 9 [Thermobifida fusca YX]",SP,0.004419,0.716723,0.02181,0.143384,0.113532,0.000145,CS pos: 57-58. Pr: 0.6494,0.6494
"AAZ55992.1 cellulose 1,4-beta-cellobiosidase [Thermobifida fusca YX]",SP,0.000893,0.997283,0.000483,0.000596,0.000414,0.000338,CS pos: 34-35. Pr: 0.9704,0.9704
AAZ56209.1 endoglucanase. Glycosyl Hydrolase family 9 [Thermobifida fusca YX],SP,0.000315,0.8313,0.000251,0.166976,0.00093,0.000221,CS pos: 46-47. Pr: 0.7862,0.7862
APF18708.1 non-processive endocellulase [Caldithrix abyssi DSM 13497],SP,0.000253,0.998988,0.000235,0.000208,0.00017,0.000177,CS pos: 23-24. Pr: 0.6689,0.6689
APF18720.1 Cellulase family 5 [Caldithrix abyssi DSM 13497],LIPO,3.2e-05,0.166579,0.833374,1.6e-05,1.4e-05,1.4e-05,CS pos: 19-20. Pr: 0.8292,0.8292
APF19198.1 Por secretion system C-terminal sorting domain-containing protein [Caldithrix abyssi DSM 13497],OTHER,1.0,0.0,0.0,0.0,0.0,0.0,,
SDH25727.1 hypothetical protein SAMN05192534_10362 [Alteribacillus persepolensis],OTHER,1.0,0.0,0.0,0.0,0.0,0.0,,
ADG87082.1 glycoside hydrolase family 12 [Thermobispora bispora DSM 43833],SP,0.000315,0.998566,0.000269,0.000341,0.00027,0.00025,CS pos: 41-42. Pr: 0.9628,0.9628
ADG87649.1 cellulose-binding family II [Thermobispora bispora DSM 43833],SP,0.000168,0.999306,0.000145,0.000161,0.000122,0.000124,CS pos: 28-29. Pr: 0.9772,0.9772
ADG88849.1 glycoside hydrolase family 48 [Thermobispora bispora DSM 43833],SP,0.00116,0.997259,0.000474,0.000463,0.000341,0.000321,CS pos: 12-13. Pr: 0.9657,0.9657
ADG89029.1 glycoside hydrolase family 5 [Thermobispora bispora DSM 43833],OTHER,1.0,0.0,0.0,0.0,0.0,0.0,,
ADG89357.1 glycoside hydrolase family 6 [Thermobispora bispora DSM 43833],SP,0.000423,0.998399,0.00029,0.000408,0.000265,0.000231,CS pos: 39-40. Pr: 0.9658,0.9658
ADG89529.1 glycoside hydrolase family 6 [Thermobispora bispora DSM 43833],SP,0.00036,0.998327,0.000308,0.000405,0.000302,0.000294,CS pos: 34-35. Pr: 0.9589,0.9589
ACI18413.1 endoglucanase B [Dictyoglomus thermophilum H-6-12],SP,0.000191,0.999207,0.000168,0.000172,0.000142,0.000143,CS pos: 22-23. Pr: 0.9767,0.9767
ACI18797.1 beta-mannanase/endoglucanase A [Dictyoglomus thermophilum H-6-12],OTHER,0.999959,2.4e-05,0.0,0.0,0.0,0.0,,
ACI19111.1 endoglucanase [Dictyoglomus thermophilum H-6-12],SP,0.000249,0.999013,0.000222,0.000196,0.00016,0.000161,CS pos: 20-21. Pr: 0.9691,0.9691
ACI19118.1 endoglucanase [Dictyoglomus thermophilum H-6-12],OTHER,0.99999,0.0,0.0,0.0,0.0,0.0,,
ACI19154.1 endoglucanase H [Dictyoglomus thermophilum H-6-12],OTHER,1.0,0.0,0.0,0.0,0.0,0.0,,
ACI19692.1 endoglucanase H [Dictyoglomus thermophilum H-6-12],SP,0.000212,0.999148,0.000185,0.000175,0.000143,0.000144,CS pos: 21-22. Pr: 0.9747,0.9747
AFK85204.1 glycosyl hydrolase family 88 [Thermoanaerobacterium saccharolyticum JW/SL-YS485],OTHER,1.0,0.0,0.0,0.0,0.0,0.0,,
AFK85368.1 glycoside hydrolase family 5 [Thermoanaerobacterium saccharolyticum JW/SL-YS485],OTHER,1.0,0.0,0.0,0.0,0.0,0.0,,
AFK87257.1 hypothetical protein Tsac_2253 [Thermoanaerobacterium saccharolyticum JW/SL-YS485],SP,0.333493,0.501047,0.165118,0.000129,9.7e-05,9.3e-05,CS pos: 28-29. Pr: 0.3052,0.3052
AFK87324.1 Beta-galactosidase trimerisation domain protein [Thermoanaerobacterium saccharolyticum JW/SL-YS485],OTHER,1.0,0.0,0.0,0.0,0.0,0.0,,
AFK87329.1 glycoside hydrolase family 5 [Thermoanaerobacterium saccharolyticum JW/SL-YS485],OTHER,1.0,0.0,0.0,0.0,0.0,0.0,,
MCC9074586.1 cellulase family glycosylhydrolase [Litorilinea aerophila],OTHER,0.667248,0.331764,0.000365,0.000215,0.000246,0.000187,,
AEF93392.1 hypothetical protein Desca_0499 [Desulfotomaculum nigrificans CO-1-SRB],OTHER,1.0,0.0,0.0,0.0,0.0,0.0,,
"PWJ95895.1 1,4-alpha-glucan branching enzyme [Oceanotoga teriensis]",OTHER,1.0,0.0,0.0,0.0,0.0,0.0,,
ACY97312.1 glycoside hydrolase family 6 [Thermomonospora curvata DSM 43183]_2,SP,0.002181,0.99623,0.000555,0.00044,0.00032,0.000282,CS pos: 41-42. Pr: 0.9696,0.9696
BDB99994.1 hypothetical protein SACC_30110 [Saccharolobus caldissimus],OTHER,0.999941,4.2e-05,0.0,0.0,0.0,0.0,,
BDC00005.1 hypothetical protein SACC_30210 [Saccharolobus caldissimus],OTHER,0.909482,0.090449,4e-05,3.1e-05,2.3e-05,2.5e-05,,
"SFV27013.1 Aryl-phospho-beta-D-glucosidase BglC, GH1 family [Thermoflavifilum thermophilum]",TAT,0.0,0.0,0.0,0.974659,0.025326,0.0,CS pos: 29-30. Pr: 0.6449,0.6449
SFV28299.1 N-terminal ig-like domain of cellulase [Thermoflavifilum thermophilum],SP,0.333472,0.665965,0.00015,0.000155,0.000126,0.000131,CS pos: 21-22. Pr: 0.6526,0.6526
SFV32205.1 endoglucanase [Thermoflavifilum thermophilum],SP,0.000165,0.999294,0.000139,0.000152,0.000126,0.000121,CS pos: 20-21. Pr: 0.9527,0.9527
ACK41435.1 beta-mannanase/endoglucanase A [Dictyoglomus turgidum DSM 6724],LIPO,2e-05,0.001143,0.998838,3e-06,0.0,0.0,CS pos: 29-30. Pr: 0.9955,0.9955
ACK41602.1 Cellulase [Dictyoglomus turgidum DSM 6724],LIPO,0.0,0.0,1.0,0.0,0.0,0.0,CS pos: 17-18. Pr: 0.9974,0.9974
ACK41916.1 glycoside hydrolase family 12 [Dictyoglomus turgidum DSM 6724],SP,0.000269,0.998938,0.000251,0.000205,0.000171,0.000172,CS pos: 20-21. Pr: 0.9614,0.9614
ACK41954.1 Cellulase [Dictyoglomus turgidum DSM 6724],SP,0.000223,0.999149,0.00019,0.000182,0.000143,0.000147,CS pos: 21-22. Pr: 0.9651,0.9651
ACK41956.1 glycoside hydrolase family 5 [Dictyoglomus turgidum DSM 6724],OTHER,1.0,0.0,0.0,0.0,0.0,0.0,,
ACK42859.1 Cellulase [Dictyoglomus turgidum DSM 6724],SP,0.000186,0.832543,0.166812,0.000168,0.000142,0.000138,CS pos: 22-23. Pr: 0.8091,0.8091
SFR85302.1 PKD domain-containing protein [Halomicrobium zhouii],TAT,0.0,0.0,0.0,1.0,0.0,0.0,CS pos: 30-31. Pr: 0.9300,0.93
SFR88356.1 endoglucanase [Halomicrobium zhouii],TATLIPO,0.0,0.0,0.0,0.0,1.0,0.0,CS pos: 27-28. Pr: 0.8502,0.8502
SFR99133.1 PKD domain-containing protein [Halomicrobium zhouii],TAT,0.0,0.0,0.0,0.870793,0.129225,0.0,CS pos: 55-56. Pr: 0.7929,0.7929
SFR99140.1 PKD domain-containing protein [Halomicrobium zhouii],TAT,0.0,0.0,0.0,0.864778,0.135228,0.0,CS pos: 51-52. Pr: 0.8176,0.8176
SFR99156.1 PKD domain-containing protein [Halomicrobium zhouii],TAT,0.0,0.0,0.0,0.833371,0.16664,0.0,CS pos: 61-62. Pr: 0.7653,0.7653
"SFR99161.1 Aryl-phospho-beta-D-glucosidase BglC, GH1 family [Halomicrobium zhouii]",TAT,0.0,0.0,0.0,0.833416,0.1666,0.0,CS pos: 64-65. Pr: 0.7679,0.7679
SFR99166.1 Fibronectin type III domain-containing protein [Halomicrobium zhouii],TAT,0.0,0.0,0.0,0.831307,0.168694,0.0,CS pos: 57-58. Pr: 0.7384,0.7384
SFR99177.1 Tat (twin-arginine translocation) pathway signal sequence [Halomicrobium zhouii],TAT,0.0,0.0,0.0,0.833342,0.166664,0.0,CS pos: 69-70. Pr: 0.3463,0.3463
TCO80517.1 aryl-phospho-beta-D-glucosidase BglC (GH1 family) [Plasticicumulans lactativorans],SP,0.000225,0.998984,0.00024,0.000213,0.000169,0.000173,CS pos: 44-45. Pr: 0.9716,0.9716
TCO80519.1 aryl-phospho-beta-D-glucosidase BglC (GH1 family) [Plasticicumulans lactativorans],SP,0.000231,0.999026,0.000195,0.000218,0.000178,0.000171,CS pos: 40-41. Pr: 0.9708,0.9708
QAV33433.1 endoglucanase [Fervidobacterium changbaicum],LIPO,0.000115,0.49959,0.500099,7.6e-05,5.9e-05,6.4e-05,CS pos: 25-26. Pr: 0.4567,0.4567
PSL03430.1 aryl-phospho-beta-D-glucosidase BglC (GH1 family) [Cecembia rubra],TAT,0.0,0.0,0.0,0.99631,0.0037,0.0,CS pos: 28-29. Pr: 0.7949,0.7949
PSL03777.1 cellulase-like Ig domain-containing protein [Cecembia rubra],SP,0.000197,0.999197,0.00017,0.000176,0.000136,0.000136,CS pos: 20-21. Pr: 0.9733,0.9733
AOL15484.1 hypothetical protein BFU36_00630 [Sulfolobus sp. A20],OTHER,0.666887,0.332792,0.000114,8.4e-05,7.1e-05,6.7e-05,,
AOL16515.1 hypothetical protein BFU36_07185 [Sulfolobus sp. A20],OTHER,0.937598,0.062345,2.6e-05,2.1e-05,1.6e-05,1.5e-05,,
AOL16553.1 hypothetical protein BFU36_07415 [Sulfolobus sp. A20],OTHER,0.967751,0.03225,1.3e-05,1e-05,8e-06,7e-06,,
MBM7647051.1 uncharacterized protein YyaL (SSP411 family) [Scopulibacillus daqui],OTHER,1.0,0.0,0.0,0.0,0.0,0.0,,
AGE74043.1 hypothetical protein SacRon12I_09070 [Sulfolobus acidocaldarius Ron12/I],OTHER,1.0,0.0,0.0,0.0,0.0,0.0,,
KPL88393.1 endoglucanase [Ardenticatena maritima],SP,0.000391,0.753982,0.24515,0.00017,0.000161,0.00014,CS pos: 32-33. Pr: 0.6653,0.6653
KPL88683.1 hypothetical protein SE16_06155 [Ardenticatena maritima],SP,0.000176,0.999251,0.000148,0.000171,0.000129,0.000136,CS pos: 26-27. Pr: 0.9548,0.9548
KPL89124.1 hypothetical protein SE16_00915 [Ardenticatena maritima],OTHER,0.999999,0.0,0.0,0.0,0.0,0.0,,
QRV17480.1 cellulase family glycosylhydrolase (plasmid) [Haloterrigena salifodinae],TAT,0.0,0.0,0.0,1.0,0.0,0.0,CS pos: 32-33. Pr: 0.6217,0.6217
"SHF73518.1 Aryl-phospho-beta-D-glucosidase BglC, GH1 family [Caldanaerobius fijiensis DSM 17918]",OTHER,0.999998,0.0,0.0,0.0,0.0,0.0,,
"SHF77449.1 glucan 1,3-beta-glucosidase [Caldanaerobius fijiensis DSM 17918]",OTHER,1.0,0.0,0.0,0.0,0.0,0.0,,
"SHF88345.1 Aryl-phospho-beta-D-glucosidase BglC, GH1 family [Caldanaerobius fijiensis DSM 17918]",OTHER,1.0,0.0,0.0,0.0,0.0,0.0,,
AKI98197.1 endoglucanase [Kosmotoga pacifica],OTHER,1.0,0.0,0.0,0.0,0.0,0.0,,
SCM55578.1 Endoglucanase C [Petrimonas mucosa],TAT,0.0,0.0,0.0,0.832943,0.167045,0.0,CS pos: 27-28. Pr: 0.6912,0.6912
"SCM57160.1 Xyloglucan-specific endo-beta-1,4-glucanase BoGH5A [Petrimonas mucosa]",LIPO,0.0,0.0,1.0,0.0,0.0,0.0,CS pos: 23-24. Pr: 0.9967,0.9967
GHE77751.1 hypothetical protein GCM10017786_04080 [Amycolatopsis deserti],SP,0.162063,0.837221,0.000193,0.000209,0.000166,0.000166,CS pos: 10-11. Pr: 0.7877,0.7877
AHD18354.1 endoglucanase [Thermotoga maritima MSB8],OTHER,0.999995,0.0,0.0,0.0,0.0,0.0,,
AHD18355.1 endoglucanase [Thermotoga maritima MSB8],SP,0.166873,0.832501,0.000173,0.000169,0.000141,0.000132,CS pos: 22-23. Pr: 0.8077,0.8077
AHD18578.1 endoglucanase [Thermotoga maritima MSB8],SP,0.000194,0.999205,0.000165,0.000176,0.000134,0.000134,CS pos: 27-28. Pr: 0.7569,0.7569
AHD18579.1 endoglucanase [Thermotoga maritima MSB8],OTHER,0.999988,0.0,0.0,0.0,0.0,0.0,,
